experiment,target_domain,num_malicious,mode,warmup_queries,cold_start_s0,window_idx,query_start,query_end,n,window_hr@1_mean,window_hr@1_std,window_hr@3_mean,window_hr@3_std,window_acc@1_mean,window_acc@1_std,window_acc@3_mean,window_acc@3_std,cumulative_hr@1_mean,cumulative_hr@1_std,cumulative_acc@1_mean,cumulative_acc@1_std,mal_effective_trust_mean,mal_effective_trust_std,honest_target_effective_trust_mean,honest_target_effective_trust_std,mal_reputation_mean,mal_reputation_std,honest_target_reputation_mean,honest_target_reputation_std
cold_start_sweep,gaming,1,Full TASR,50,0.5,1,1,50,5,0.016,0.026076809620810593,0.208,0.4318796128552493,0.964,0.026076809620810572,1.0,0.0,0.016,0.026076809620810593,0.964,0.026076809620810572,0.6024711700085408,0.1699648869072126,0.7300794578974145,0.034527847892800924,1.0,0.0,1.0,0.0
cold_start_sweep,gaming,1,Full TASR,50,0.5,2,51,100,5,0.004,0.00894427190999916,0.064,0.03286335345030996,0.956,0.03577708763999661,0.984,0.026076809620810618,0.01,0.017320508075688773,0.96,0.017320508075688787,0.380430217042461,0.010220120610468716,0.44207829050092423,0.03527429762886888,0.7554999600000001,0.09369036940907001,0.7536700552090476,0.03946785448568161
cold_start_sweep,gaming,1,Full TASR,50,0.5,3,101,150,5,0.0,0.0,0.04,0.02,0.884,0.24835458522040618,0.948,0.11627553482998906,0.006666666666666667,0.011547005383792516,0.9346666666666666,0.08735623109493168,0.29631120885826584,0.02564075868961177,0.3440859166777442,0.03680482366961869,0.6461538156000001,0.1025121732268098,0.6730410973632007,0.039206497974281336
cold_start_sweep,gaming,1,Full TASR,50,0.5,4,151,200,5,0.0,0.0,0.04,0.02,1.0,0.0,1.0,0.0,0.005,0.008660254037844387,0.951,0.06551717332119877,0.2250629178703129,0.011024211263827162,0.31685169627393,0.03357711461554979,0.5193879181200001,0.04576775322420376,0.6584803340690712,0.027138887105493954
cold_start_sweep,gaming,1,Full TASR,50,0.5,5,201,250,5,0.0,0.0,0.024,0.00894427190999916,0.968,0.05215361924162119,0.992,0.017888543819998333,0.004,0.0069282032302755096,0.9544,0.06226395425926626,0.18971701711434918,0.008429955451482677,0.2502938219930673,0.017723048866956102,0.45769186954800006,0.04092386091144616,0.58848664231883,0.009691766568110093
cold_start_sweep,gaming,1,Full TASR,50,0.5,6,251,300,5,0.0,0.0,0.036,0.01673320053068151,1.0,0.0,1.0,0.0,0.0033333333333333335,0.005773502691896258,0.962,0.051886628549388546,0.1515178853546684,0.01369777424866223,0.21214977399577004,0.025581999093101132,0.3895613918409025,0.04946842783303867,0.5319546455898483,0.04075114347831182
cold_start_sweep,gaming,1,Full TASR,50,0.5,7,301,350,5,0.0,0.0,0.028,0.010954451150103323,0.996,0.008944271909999166,1.0,0.0,0.002857142857142857,0.0049487165930539355,0.9668571428571429,0.04401298509693314,0.12406262455252998,0.007021238854052456,0.15958513842906658,0.022608295505636852,0.32934687055259987,0.04300646336779069,0.44527649146691645,0.043119817513042426
cold_start_sweep,gaming,1,Full TASR,50,0.5,8,351,400,5,0.0,0.0,0.032,0.010954451150103323,0.972,0.04381780460041328,0.988,0.017888543819998333,0.0025,0.004330127018922193,0.9675,0.03644344934278315,0.10485660308627655,0.007868186990915712,0.1368790166752169,0.017892936306485262,0.28562965141568747,0.04144846432284812,0.38077846086192496,0.05687880394496578
cold_start_sweep,gaming,1,Full TASR,50,0.5,9,401,450,5,0.0,0.0,0.036000000000000004,0.00894427190999916,1.0,0.0,1.0,0.0,0.0022222222222222222,0.0038490017945975053,0.9711111111111111,0.03239417719358501,0.08351616832072281,0.008647061895045846,0.13293396202946828,0.026870014436713125,0.23644374930336487,0.03497772718038038,0.3608518176697376,0.08516875342150243
cold_start_sweep,gaming,1,Full TASR,50,0.5,10,451,500,5,0.0,0.0,0.016,0.00894427190999916,0.984,0.021908902300206666,0.996,0.008944271909999166,0.002,0.0034641016151377548,0.9724,0.02847455004034302,0.07296662584525715,0.0035735520360617684,0.09493688087914244,0.010569361848087827,0.21200417706729396,0.024984630929558486,0.2608355638791468,0.04463389651628029
cold_start_sweep,gaming,1,Full TASR,50,0.9,1,1,50,5,0.044,0.03577708763999664,0.052000000000000005,0.038987177379235856,0.876,0.035777087639996666,0.964,0.008944271909999166,0.044,0.03577708763999664,0.876,0.035777087639996666,0.9105840998265029,0.00538870895240019,0.9480180168614316,0.0005258956989184206,1.0,0.0,1.0,0.0
cold_start_sweep,gaming,1,Full TASR,50,0.9,2,51,100,5,0.0,0.0,0.068,0.010954451150103324,0.852,0.09121403400793107,0.948,0.05019960159204453,0.022,0.01788854381999832,0.864,0.05594640292279746,0.5441924697156445,0.041060339617514194,0.6221924009445917,0.019200818159394922,0.7484400000000001,0.04346916148259589,0.8324866414566617,0.017204627917049783
cold_start_sweep,gaming,1,Full TASR,50,0.9,3,101,150,5,0.0,0.0,0.04,0.01414213562373095,0.88,0.06324555320336757,0.948,0.022803508501982747,0.014666666666666668,0.01192569587999888,0.8693333333333333,0.03608631627393163,0.4084911198853065,0.01917976869417742,0.49006334514113337,0.0324486812631658,0.6377816880000001,0.04417668976062732,0.7870441195177308,0.0386478320926462
cold_start_sweep,gaming,1,Full TASR,50,0.9,4,151,200,5,0.0,0.0,0.04,0.01414213562373095,0.992,0.017888543819998333,1.0,0.0,0.011,0.00894427190999916,0.9,0.02715695122800056,0.2997829319166391,0.013004444659201852,0.4076346101722606,0.018615236828017783,0.5187714465600001,0.03797348809465813,0.7294065578549658,0.012350333230802956
cold_start_sweep,gaming,1,Full TASR,50,0.9,5,201,250,5,0.0,0.0,0.028,0.010954451150103323,0.988,0.0268328157299975,1.0,0.0,0.0088,0.007155417527999327,0.9176000000000001,0.021279097725232638,0.23730679239296137,0.013168554811648345,0.29754630792314274,0.03574013439364067,0.4374235601136001,0.00952537468780581,0.6264932586367672,0.02214609694012243
cold_start_sweep,gaming,1,Full TASR,50,0.9,6,251,300,5,0.0,0.0,0.04,0.0,0.956,0.07668115805072327,0.98,0.04472135954999579,0.007333333333333334,0.00596284793999944,0.924,0.021134489978863157,0.18232828049515093,0.013569321508774266,0.22849782682195866,0.01749351195408771,0.36398681833415053,0.02705255350830561,0.5465312408445255,0.024300944325122458
cold_start_sweep,gaming,1,Full TASR,50,0.9,7,301,350,5,0.0,0.0,0.024,0.016733200530681513,0.984,0.03577708763999662,0.996,0.008944271909999166,0.006285714285714286,0.005111012519999519,0.9325714285714286,0.018024926052099995,0.1479909589666578,0.00320421852195685,0.1856012284115755,0.009245449572580437,0.3139115175777027,0.019457561588478528,0.4939498148655121,0.042783547476040754
cold_start_sweep,gaming,1,Full TASR,50,0.9,8,351,400,5,0.0,0.0,0.036000000000000004,0.00894427190999916,0.992,0.017888543819998333,0.996,0.008944271909999166,0.0055,0.00447213595499958,0.9400000000000001,0.01457737973711325,0.11467783880526919,0.00725399319971544,0.14552341614827005,0.009245329541606924,0.25935206089459717,0.007316139567672221,0.4151117027343932,0.03566108207984952
cold_start_sweep,gaming,1,Full TASR,50,0.9,9,401,450,5,0.0,0.0,0.036000000000000004,0.00894427190999916,0.996,0.008944271909999166,1.0,0.0,0.004888888888888889,0.003975231959999626,0.9462222222222222,0.013090379088909435,0.09105229694360273,0.0074613306503630615,0.13081068223070347,0.009086234273732747,0.21483537229865202,0.014057463459286452,0.3872387583402457,0.03545189981252395
cold_start_sweep,gaming,1,Full TASR,50,0.9,10,451,500,5,0.0,0.0,0.028,0.010954451150103323,0.956,0.03286335345030997,0.984,0.016733200530681527,0.0044,0.0035777087639996636,0.9471999999999999,0.009121403400793112,0.07818420380000468,0.004581207649092334,0.09337245200359648,0.00512688937782577,0.19038700276662385,0.01726325069730924,0.27455491985699704,0.014810381555998092
cold_start_sweep,gaming,1,Full TASR,50,1.0,1,1,50,5,0.18,0.039999999999999994,0.248,0.06099180272790762,0.708,0.04816637831516917,0.948,0.010954451150103333,0.18,0.039999999999999994,0.708,0.04816637831516917,1.0,0.0,1.0,0.0,1.0,0.0,1.0,0.0
cold_start_sweep,gaming,1,Full TASR,50,1.0,2,51,100,5,0.02,0.0,0.06,0.0,0.836,0.038470768123342686,0.924,0.016733200530681475,0.1,0.02,0.772,0.021679483388678818,0.6204693960000001,0.0271676742104229,0.6732455348052454,0.01691615813899774,0.7290000000000001,0.0,0.8382236192069424,0.017187283939858678
cold_start_sweep,gaming,1,Full TASR,50,1.0,3,101,150,5,0.0,0.0,0.036,0.01673320053068151,0.856,0.1089954127475097,0.96,0.031622776601683784,0.06666666666666667,0.013333333333333334,0.8,0.04109609335312652,0.43691994975760573,0.016322136183463995,0.5092930272664803,0.037055860674360036,0.5928519600000002,0.005281503120135345,0.7407161251993785,0.034596524991498
cold_start_sweep,gaming,1,Full TASR,50,1.0,4,151,200,5,0.0,0.0,0.04,0.0,0.996,0.008944271909999166,1.0,0.0,0.05,0.01,0.849,0.03170173496829471,0.31830548862075786,0.00971543515665583,0.4344943975389753,0.05358910235997666,0.4802100876000001,0.004278017527309625,0.7013820813483385,0.0442403065634489
cold_start_sweep,gaming,1,Full TASR,50,1.0,5,201,250,5,0.0,0.0,0.028,0.010954451150103323,0.992,0.017888543819998333,0.996,0.008944271909999166,0.04,0.007999999999999998,0.8776,0.022908513701242184,0.25445503523602986,0.018526359013942964,0.31259365306611997,0.015033884849576414,0.4149703904400001,0.025393917100763313,0.6066900244783214,0.039897939341756866
cold_start_sweep,gaming,1,Full TASR,50,1.0,6,251,300,5,0.0,0.0,0.04,0.01414213562373095,1.0,0.0,1.0,0.0,0.03333333333333333,0.006666666666666667,0.898,0.01909042808436849,0.19083902920216117,0.011783326519776089,0.23967753345131979,0.009519373283313832,0.34452219309400817,0.01821968134043613,0.5420878213991914,0.03233248793874498
cold_start_sweep,gaming,1,Full TASR,50,1.0,7,301,350,5,0.0,0.0,0.036000000000000004,0.00894427190999916,0.988,0.0268328157299975,0.996,0.008944271909999166,0.02857142857142857,0.005714285714285715,0.9108571428571429,0.0193147928927492,0.1437748400131837,0.003880886364269733,0.18846812655679074,0.010860722145672151,0.2858412852816906,0.005096519046565786,0.47231109580229946,0.012281998411236908
cold_start_sweep,gaming,1,Full TASR,50,1.0,8,351,400,5,0.0,0.0,0.028,0.010954451150103323,1.0,0.0,1.0,0.0,0.025,0.005,0.922,0.016900443781155582,0.12175614920316569,0.008587216890453038,0.14220194459610191,0.0031634306947144644,0.253231247979981,0.015078531175435875,0.3880753272555745,0.014884077358462937
cold_start_sweep,gaming,1,Full TASR,50,1.0,9,401,450,5,0.0,0.0,0.036,0.01673320053068151,0.992,0.017888543819998333,0.996,0.008944271909999166,0.022222222222222223,0.0044444444444444444,0.9297777777777778,0.01667407242871471,0.09367446451002347,0.004200655646893752,0.12819471642173783,0.009512216213728662,0.21010910677170916,0.007349326803614032,0.3618293259684264,0.036313563021598355
cold_start_sweep,gaming,1,Full TASR,50,1.0,10,451,500,5,0.0,0.0,0.024,0.00894427190999916,0.984,0.03577708763999662,0.996,0.008944271909999166,0.02,0.003999999999999999,0.9352,0.018143869488066726,0.08003316376847476,0.004795505800972444,0.09407519688187461,0.005035330139491873,0.1860592429848212,0.010898045740935433,0.2623594988656041,0.011366913312821837
cold_start_sweep,gaming,3,Full TASR,50,0.5,1,1,50,5,0.056,0.08414273587185052,0.216,0.438953300477397,0.9279999999999999,0.08438009243891592,0.996,0.008944271909999166,0.056,0.08414273587185052,0.9279999999999999,0.08438009243891592,0.5696518588419488,0.1202750489768401,0.7103781617385517,0.07229301255233975,1.0,0.0,1.0,0.0
cold_start_sweep,gaming,3,Full TASR,50,0.5,2,51,100,5,0.004,0.00894427190999916,0.18000000000000002,0.05656854249492381,0.972,0.05215361924162119,0.996,0.008944271909999166,0.03,0.04636809247747852,0.95,0.04847679857416328,0.37211091791534395,0.008192374710424789,0.43382120369284544,0.011036691134831753,0.7462063083695041,0.06343518299344957,0.7487186230065969,0.0359465774452359
cold_start_sweep,gaming,3,Full TASR,50,0.5,3,101,150,5,0.0,0.0,0.096,0.021908902300206645,0.94,0.11224972160321824,0.976,0.05366563145999495,0.02,0.030912061651652344,0.9466666666666667,0.056371781750959214,0.29612385013471515,0.015749357942586365,0.3609955189462495,0.013653728215904817,0.6277065097792983,0.060454972812857506,0.7175755145830672,0.039195913219072544
cold_start_sweep,gaming,3,Full TASR,50,0.5,4,151,200,5,0.0,0.0,0.10400000000000001,0.026076809620810597,1.0,0.0,1.0,0.0,0.015,0.02318404623873926,0.96,0.0422788363132194,0.23628978196270364,0.00763029503335644,0.32568914752674555,0.04541712503260893,0.5228520066897917,0.04108632110597341,0.6678233236805412,0.06371899643403534
cold_start_sweep,gaming,3,Full TASR,50,0.5,5,201,250,5,0.0,0.0,0.108,0.017888543819998312,1.0,0.0,1.0,0.0,0.012,0.018547236990991405,0.968,0.03382306905057551,0.1842478987527831,0.004952773399613975,0.2501933006963467,0.014267334325993312,0.4328209717387313,0.03848703292591433,0.592390504129679,0.03288339257089379
cold_start_sweep,gaming,3,Full TASR,50,0.5,6,251,300,5,0.0,0.0,0.084,0.016733200530681513,1.0,0.0,1.0,0.0,0.01,0.015456030825826172,0.9733333333333334,0.028185890875479593,0.15154370445836568,0.007717171992439443,0.20919852021180926,0.019760496372069017,0.3705409216968582,0.03276792410719655,0.5253939905196523,0.019988898824727156
cold_start_sweep,gaming,3,Full TASR,50,0.5,7,301,350,5,0.0,0.0,0.084,0.016733200530681513,1.0,0.0,1.0,0.0,0.008571428571428572,0.013248026422136721,0.9771428571428571,0.02415933503612539,0.12282053609073622,0.004946777297408658,0.17032108423991746,0.014676019337388253,0.31503876568964817,0.02919499833710782,0.45997795082029086,0.026176025762846073
cold_start_sweep,gaming,3,Full TASR,50,0.5,8,351,400,5,0.0,0.0,0.096,0.01673320053068151,1.0,0.0,1.0,0.0,0.0075,0.01159202311936963,0.98,0.02113941815660971,0.10112930001427071,0.006255524203522963,0.14172859127450546,0.020536633287834234,0.2683779550290624,0.023231834816662623,0.38884467730728606,0.023814124537317145
cold_start_sweep,gaming,3,Full TASR,50,0.5,9,401,450,5,0.0,0.0,0.096,0.03577708763999663,1.0,0.0,1.0,0.0,0.006666666666666667,0.010304020550550783,0.9822222222222222,0.018790593916986384,0.08201638343873337,0.0035311700404588517,0.14946292427283656,0.04307415185060982,0.2250675057653548,0.014909971956286188,0.3841106474623877,0.02794811341908872
cold_start_sweep,gaming,3,Full TASR,50,0.5,10,451,500,5,0.0,0.0,0.064,0.016733200530681513,1.0,0.0,1.0,0.0,0.006,0.009273618495495703,0.984,0.016911534525287777,0.07127915148757423,0.004481924062148346,0.1118823078612249,0.026026294771394138,0.1997503808888343,0.01299462551816849,0.2892778123012818,0.03174747069538235
cold_start_sweep,gaming,3,Full TASR,50,0.9,1,1,50,5,0.18,0.10295630140987,0.384,0.25744902408049636,0.744,0.10237187113655782,0.956,0.021908902300206666,0.18,0.10295630140987,0.744,0.10237187113655782,0.9199108957121859,0.00961096985113074,0.9430929318078586,0.004310529390509855,1.0,0.0,1.0,0.0
cold_start_sweep,gaming,3,Full TASR,50,0.9,2,51,100,5,0.028,0.01788854381999832,0.184,0.016733200530681516,0.8039999999999999,0.04335896677735758,0.908,0.02280350850198274,0.104,0.058566201857385286,0.774,0.06348228099241551,0.5741697227746515,0.01265022090196867,0.6278405203837792,0.016807044188626063,0.7508354400000001,0.020114550454036966,0.827627267045163,0.01746569943051516
cold_start_sweep,gaming,3,Full TASR,50,0.9,3,101,150,5,0.0,0.0,0.128,0.010954451150103333,0.836,0.09208691546577069,0.964,0.029664793948382638,0.06933333333333333,0.03904413457159019,0.7946666666666666,0.029589788028229515,0.4179563920885856,0.009366633293911044,0.4854322248906293,0.026166048763653926,0.6101887464000001,0.016800297021135172,0.7545245907134819,0.032445543149577254
cold_start_sweep,gaming,3,Full TASR,50,0.9,4,151,200,5,0.0,0.0,0.108,0.02683281572999748,1.0,0.0,1.0,0.0,0.052,0.029283100928692643,0.846,0.022192341021172166,0.312791773051199,0.011174348496465324,0.4340474958387594,0.03903745153113737,0.5020602488856001,0.013065093659496803,0.7196529325391235,0.04257475067283939
cold_start_sweep,gaming,3,Full TASR,50,0.9,5,201,250,5,0.0,0.0,0.108,0.022803508501982764,1.0,0.0,1.0,0.0,0.0416,0.023426480742954114,0.8768,0.017753872816937733,0.23666831423034188,0.008583189407253375,0.32008246690660525,0.017483881110448057,0.41566946918904013,0.011050970670071176,0.6275544086963871,0.0424696953273661
cold_start_sweep,gaming,3,Full TASR,50,0.9,6,251,300,5,0.0,0.0,0.096,0.03286335345030997,1.0,0.0,1.0,0.0,0.034666666666666665,0.019522067285795097,0.8973333333333333,0.014794894014114778,0.18507358728171985,0.008709723433855555,0.24922397458662063,0.015119100460286451,0.3491775410019625,0.009774115684971831,0.549442299516,0.03514600719634027
cold_start_sweep,gaming,3,Full TASR,50,0.9,7,301,350,5,0.0,0.0,0.1,0.02828427124746191,0.992,0.017888543819998333,1.0,0.0,0.029714285714285714,0.01673320053068151,0.9108571428571428,0.010575288870469574,0.1412355445841137,0.011909604037650625,0.18196826748955078,0.01005327718353638,0.28745728432731565,0.01727147363047686,0.4646963410839218,0.03516362257560236
cold_start_sweep,gaming,3,Full TASR,50,0.9,8,351,400,5,0.0,0.0,0.08,0.020000000000000004,0.992,0.017888543819998333,0.996,0.008944271909999166,0.026,0.014641550464346322,0.921,0.007623975340988464,0.1141375183706747,0.007928289093382657,0.14556282238046445,0.009083621396888219,0.24632532614267336,0.015699397606379645,0.4121573510671117,0.04805401476483536
cold_start_sweep,gaming,3,Full TASR,50,0.9,9,401,450,5,0.0,0.0,0.116,0.02190890230020665,1.0,0.0,1.0,0.0,0.02311111111111111,0.013014711523863397,0.9297777777777778,0.0067768669697675175,0.08731450115369935,0.009724373185243074,0.13427568702337564,0.004197520748401762,0.2000618813580055,0.01986115415898412,0.3975384003194777,0.03198072677767742
cold_start_sweep,gaming,3,Full TASR,50,0.9,10,451,500,5,0.0,0.0,0.064,0.026076809620810597,0.988,0.017888543819998333,1.0,0.0,0.0208,0.011713240371477057,0.9356,0.007536577472566668,0.07485078516564284,0.005465803682699622,0.09129304694967827,0.007045905136754021,0.17730306604685422,0.011790424559696908,0.2662857397960102,0.019201175066603335
cold_start_sweep,gaming,3,Full TASR,50,1.0,1,1,50,5,0.5,0.056568542494923824,0.576,0.051768716422179124,0.392,0.06572670690061994,0.924,0.008944271909999116,0.5,0.056568542494923824,0.392,0.06572670690061994,1.0,0.0,1.0,0.0,1.0,0.0,1.0,0.0
cold_start_sweep,gaming,3,Full TASR,50,1.0,2,51,100,5,0.056,0.008944271909999158,0.196,0.026076809620810597,0.752,0.05761944116355171,0.904,0.03286335345030997,0.278,0.027748873851023214,0.572,0.044384682042344276,0.6089978742647876,0.016419661579340453,0.6811673214373714,0.02335475028843594,0.74327544,0.013908124099532609,0.8462363438194153,0.012752839749648347
cold_start_sweep,gaming,3,Full TASR,50,1.0,3,101,150,5,0.0,0.0,0.112,0.0363318042491699,0.76,0.07999999999999996,0.908,0.05403702434442519,0.18533333333333332,0.018499249234015483,0.6346666666666667,0.012823589374447556,0.4493231316532933,0.013788060889041281,0.49842273027497047,0.012886529069416654,0.6140693592,0.00640667710009635,0.7521706817065725,0.03820850345491645
cold_start_sweep,gaming,3,Full TASR,50,1.0,4,151,200,5,0.0,0.0,0.124,0.021908902300206645,1.0,0.0,1.0,0.0,0.139,0.013874436925511607,0.726,0.00961769203083568,0.3291719110199779,0.01148078802212244,0.4393998547257926,0.03222190534958176,0.4990330192320001,0.012713056715542417,0.7319126587753855,0.03104299322692778
cold_start_sweep,gaming,3,Full TASR,50,1.0,5,201,250,5,0.0,0.0,0.112,0.0363318042491699,1.0,0.0,1.0,0.0,0.11120000000000001,0.011099549540409282,0.7808,0.007694153624668545,0.25355718535668575,0.010930559997891085,0.3227426403982552,0.03223362318202086,0.4173904196989921,0.014652569933669484,0.6269219003767971,0.03967668724199488
cold_start_sweep,gaming,3,Full TASR,50,1.0,6,251,300,5,0.0,0.0,0.112,0.010954451150103317,1.0,0.0,1.0,0.0,0.09266666666666666,0.009249624617007741,0.8173333333333334,0.006411794687223756,0.19186191568922895,0.004694551965926415,0.2615613335266618,0.008859200289821567,0.3456744126219332,0.012715132568547335,0.5540387435297065,0.035899221203896846
cold_start_sweep,gaming,3,Full TASR,50,1.0,7,301,350,5,0.0,0.0,0.096,0.01673320053068151,0.98,0.028284271247461926,0.992,0.010954451150103333,0.07942857142857143,0.007928249671720919,0.8405714285714286,0.00372525851725865,0.15547222505151814,0.009988339420548368,0.19426989699163377,0.017330769732901093,0.2978792940596147,0.01634955705386648,0.458913189917442,0.016090646003007525
cold_start_sweep,gaming,3,Full TASR,50,1.0,8,351,400,5,0.0,0.0,0.096,0.02966479394838266,0.936,0.09736529155710466,0.96,0.0692820323027551,0.0695,0.0069372184627558035,0.8525,0.012247448713915907,0.12326323094563026,0.003846335413538495,0.15001424065276925,0.011627147703165456,0.24983798136815777,0.00935950228265433,0.3814494640101546,0.030133501039994733
cold_start_sweep,gaming,3,Full TASR,50,1.0,9,401,450,5,0.0,0.0,0.116,0.016733200530681513,0.996,0.008944271909999166,1.0,0.0,0.06177777777777778,0.006166416411338494,0.8684444444444445,0.011265592760565823,0.09424546963336074,0.00590479744380375,0.15273322327715405,0.02324968258680291,0.20408590990729242,0.013076011831272712,0.3877289145693948,0.04811895164744884
cold_start_sweep,gaming,3,Full TASR,50,1.0,10,451,500,5,0.0,0.0,0.064,0.016733200530681513,1.0,0.0,1.0,0.0,0.055600000000000004,0.005549774770204641,0.8816,0.01013903348450927,0.08055448216323671,0.004287964780798573,0.11273614246515998,0.009371119532171419,0.18104392870937264,0.00817141083510881,0.2758785722937552,0.019322087414091357
cold_start_sweep,gis,1,Full TASR,50,0.5,1,1,50,5,0.488,0.23177575369309017,0.988,0.017888543819998333,0.5,0.22494443758403987,0.988,0.010954451150103333,0.488,0.23177575369309017,0.5,0.22494443758403987,0.9036199110656974,0.0029055948991425734,0.710329073336924,0.002012940936964577,1.0,0.0,1.0,0.0
cold_start_sweep,gis,1,Full TASR,50,0.5,2,51,100,5,0.016,0.00894427190999916,0.148,0.05403702434442518,0.984,0.008944271909999166,1.0,0.0,0.252,0.11322543883774529,0.742,0.10986355173577812,0.3410671363326149,0.02792169620803267,0.5114355933845842,0.011025771194992208,0.47549308445814253,0.04270796441196772,0.834176637396445,0.02326714277944304
cold_start_sweep,gis,1,Full TASR,50,0.5,3,101,150,5,0.0,0.0,0.04,0.01414213562373095,1.0,0.0,1.0,0.0,0.168,0.07548362589183019,0.828,0.0732423678238521,0.25925392374386685,0.023720892026005278,0.47097654774581815,0.03194193721300551,0.38709837630998595,0.05337957045247842,0.8374655954189547,0.028017776894493206
cold_start_sweep,gis,1,Full TASR,50,0.5,4,151,200,5,0.0,0.0,0.036,0.01673320053068151,1.0,0.0,1.0,0.0,0.126,0.056612719418872644,0.871,0.05493177586788908,0.20321019343950314,0.006054991943394785,0.41720713831640666,0.016068303053852935,0.3284679038217904,0.045192132979802555,0.7694224853497303,0.01779187418454834
cold_start_sweep,gis,1,Full TASR,50,0.5,5,201,250,5,0.0,0.0,0.036000000000000004,0.00894427190999916,1.0,0.0,1.0,0.0,0.1008,0.045290175535098114,0.8968,0.04394542069431126,0.15894664005587453,0.006757490984670114,0.3801861010571261,0.034826958980009294,0.27233521401745026,0.04235314059707098,0.7201315277363981,0.0494243691168152
cold_start_sweep,gis,1,Full TASR,50,0.5,6,251,300,5,0.0,0.0,0.032,0.010954451150103323,1.0,0.0,1.0,0.0,0.084,0.037741812945915096,0.914,0.036621183911926036,0.12926502371657195,0.00841423069730035,0.31299423353005335,0.023555772583139015,0.23075898666745073,0.03973122514593589,0.6138250866060218,0.016324332412422878
cold_start_sweep,gis,1,Full TASR,50,0.5,7,301,350,5,0.0,0.0,0.036000000000000004,0.00894427190999916,1.0,0.0,1.0,0.0,0.072,0.03235012538221294,0.9262857142857143,0.031389586210222344,0.09895813092551818,0.0035384185974627063,0.3400333340119279,0.03309767896181193,0.19103260184252807,0.033224683689479714,0.6298221660165969,0.02435872306332676
cold_start_sweep,gis,1,Full TASR,50,0.5,8,351,400,5,0.0,0.0,0.04,0.01414213562373095,1.0,0.0,1.0,0.0,0.063,0.028306359709436322,0.9355,0.02746588793394454,0.07427562343598965,0.0043492543738683906,0.32061941403807104,0.017326177323838128,0.1514009711525144,0.026067656818248526,0.5905753751568555,0.026430270255447773
cold_start_sweep,gis,1,Full TASR,50,0.5,9,401,450,5,0.0,0.0,0.04,0.01414213562373095,1.0,0.0,1.0,0.0,0.056,0.025161208630610065,0.9426666666666667,0.024414122607950676,0.0545128772955544,0.0034551851321715137,0.3161784663603187,0.053886790939447426,0.11993308319819071,0.01995589514418944,0.5534811987784986,0.053634142979810916
cold_start_sweep,gis,1,Full TASR,50,0.5,10,451,500,5,0.0,0.0,0.036,0.01673320053068151,1.0,0.0,1.0,0.0,0.0504,0.022645087767549057,0.9484,0.0219727103471556,0.04285494716536212,0.003535513048170698,0.29233873354375384,0.023229091034435014,0.09869994912948837,0.012947724117486115,0.5308499334364097,0.04218608559148518
cold_start_sweep,gis,1,Full TASR,50,0.9,1,1,50,5,0.332,0.060991802727907614,0.724,0.21090282122342507,0.612,0.07563068160475614,0.972,0.010954451150103333,0.332,0.060991802727907614,0.612,0.07563068160475614,0.9687723084794742,0.011889025606320472,0.9489176042985029,0.004903492875182358,1.0,0.0,1.0,0.0
cold_start_sweep,gis,1,Full TASR,50,0.9,2,51,100,5,0.008,0.010954451150103323,0.076,0.016733200530681513,0.968,0.030331501776206186,0.992,0.010954451150103333,0.17,0.035355339059327376,0.79,0.03674234614174768,0.540350989064009,0.03935742545441425,0.6651588753402862,0.00417683491468077,0.6721380000000001,0.0584110539196135,0.8760468941093776,0.02062554083222465
cold_start_sweep,gis,1,Full TASR,50,0.9,3,101,150,5,0.0,0.0,0.052,0.017888543819998316,1.0,0.0,1.0,0.0,0.11333333333333334,0.023570226039551584,0.86,0.024494897427831785,0.37276898569599576,0.024121064130885952,0.553800925245785,0.013388709183373093,0.5120965476000001,0.02670352212175823,0.8757626354064965,0.02378043943772013
cold_start_sweep,gis,1,Full TASR,50,0.9,4,151,200,5,0.0,0.0,0.044,0.01673320053068151,1.0,0.0,1.0,0.0,0.085,0.017677669529663688,0.895,0.018371173070873853,0.2682598298781709,0.009546304265927142,0.4688087399541352,0.006584212717367777,0.4079107281960001,0.024910628270734262,0.8080958428025021,0.017802141398856306
cold_start_sweep,gis,1,Full TASR,50,0.9,5,201,250,5,0.0,0.0,0.032,0.010954451150103323,1.0,0.0,1.0,0.0,0.068,0.014142135623730949,0.916,0.014696938456699081,0.20608304551248496,0.0086996392491907,0.3917582238991849,0.026005285718475823,0.33815609961876014,0.03257680649660461,0.7378644021968681,0.039597382940633086
cold_start_sweep,gis,1,Full TASR,50,0.9,6,251,300,5,0.0,0.0,0.04,0.0,1.0,0.0,1.0,0.0,0.05666666666666667,0.011785113019775792,0.9299999999999999,0.012247448713915863,0.15825340714342517,0.00495153227848939,0.353124580198734,0.03296563746641786,0.27390644069119574,0.026387213262249756,0.6595695518915814,0.027965436288699706
cold_start_sweep,gis,1,Full TASR,50,0.9,7,301,350,5,0.0,0.0,0.04,0.0,1.0,0.0,1.0,0.0,0.04857142857142857,0.010101525445522109,0.9400000000000001,0.010497813183356505,0.11936800807246144,0.006380790580705196,0.3426629215182774,0.0391677157116238,0.22186421695986855,0.021373642742422306,0.6533222663902485,0.023360733332424305
cold_start_sweep,gis,1,Full TASR,50,0.9,8,351,400,5,0.0,0.0,0.044,0.021908902300206645,1.0,0.0,1.0,0.0,0.0425,0.008838834764831844,0.9475,0.009185586535436918,0.08621149329456976,0.003806606891272318,0.3232793955996374,0.01889517754331437,0.17337268669162023,0.026561638229211645,0.5987647989806013,0.04425957542363853
cold_start_sweep,gis,1,Full TASR,50,0.9,9,401,450,5,0.0,0.0,0.044,0.008944271909999158,1.0,0.0,1.0,0.0,0.03777777777777778,0.007856742013183864,0.9533333333333333,0.00816496580927726,0.06415106845738483,0.004141857326260111,0.33484668879439733,0.024107125800467095,0.13709643988027906,0.01728813960733772,0.5841257264550337,0.015522002900561863
cold_start_sweep,gis,1,Full TASR,50,0.9,10,451,500,5,0.0,0.0,0.032,0.010954451150103323,1.0,0.0,1.0,0.0,0.034,0.0070710678118654745,0.958,0.0073484692283495405,0.05221168964205767,0.004079150526235323,0.2725655088268056,0.03115041398841711,0.11595981314848505,0.015326472127722894,0.52196020185338,0.04224626790654705
cold_start_sweep,gis,1,Full TASR,50,1.0,1,1,50,5,0.36,0.02449489742783178,0.52,0.03162277660168382,0.504,0.016733200530681527,0.912,0.033466401061363005,0.36,0.02449489742783178,0.504,0.016733200530681527,1.0,0.0,1.0,0.0,1.0,0.0,1.0,0.0
cold_start_sweep,gis,1,Full TASR,50,1.0,2,51,100,5,0.012,0.010954451150103323,0.08,0.03741657386773942,0.98,0.020000000000000018,0.996,0.008944271909999166,0.186,0.015165750888103097,0.742,0.013038404810405309,0.5963676676975707,0.009834069400634526,0.6936824224281704,0.011907682576852844,0.7119011592000001,0.05502019518175782,0.8949596969778163,0.010828517511501174
cold_start_sweep,gis,1,Full TASR,50,1.0,3,101,150,5,0.0,0.0,0.072,0.0303315017762062,1.0,0.0,1.0,0.0,0.124,0.010110500592068743,0.8280000000000001,0.008692269873603541,0.3975795314884045,0.025286813502119265,0.5683642007411103,0.005367641097536039,0.5530853997936127,0.05661241491326574,0.8728958243619204,0.025680551461128888
cold_start_sweep,gis,1,Full TASR,50,1.0,4,151,200,5,0.0,0.0,0.044,0.01673320053068151,1.0,0.0,1.0,0.0,0.093,0.007582875444051548,0.871,0.006519202405202654,0.28662643856498937,0.02428293283504205,0.4757280602323212,0.009067448633328737,0.4380467719376263,0.03692439610763747,0.7993018917312964,0.020668941396195382
cold_start_sweep,gis,1,Full TASR,50,1.0,5,201,250,5,0.0,0.0,0.032,0.017888543819998316,1.0,0.0,1.0,0.0,0.0744,0.006066300355241242,0.8968,0.0052153619241621235,0.21679820885485404,0.00763225487348544,0.3805720900024353,0.02876595351152526,0.36287933080458934,0.03714340542459364,0.7027699531108957,0.031763723523931225
cold_start_sweep,gis,1,Full TASR,50,1.0,6,251,300,5,0.0,0.0,0.036000000000000004,0.00894427190999916,1.0,0.0,1.0,0.0,0.062,0.005055250296034371,0.9139999999999999,0.004346134936801768,0.16289128445213766,0.004566233090137388,0.3476390280175219,0.05536253985910676,0.2939322579517174,0.030086158393920863,0.6608466097798738,0.053667657281337426
cold_start_sweep,gis,1,Full TASR,50,1.0,7,301,350,5,0.0,0.0,0.04,0.0,1.0,0.0,1.0,0.0,0.053142857142857144,0.0043330716823151705,0.9262857142857143,0.0037252585172586543,0.12203520600867067,0.005157631673152478,0.34799319669367057,0.042446816312625986,0.2380851289408911,0.02436978829907591,0.6436415670673699,0.038896553056470454
cold_start_sweep,gis,1,Full TASR,50,1.0,8,351,400,5,0.0,0.0,0.048,0.01095445115010332,1.0,0.0,1.0,0.0,0.0465,0.003791437722025774,0.9355,0.0032596012026013016,0.08880979197070318,0.010584070713704185,0.31412269798632436,0.021612887174629964,0.1843645926707655,0.010755315692037207,0.5933148835419761,0.018377550252308465
cold_start_sweep,gis,1,Full TASR,50,1.0,9,401,450,5,0.0,0.0,0.036,0.01673320053068151,1.0,0.0,1.0,0.0,0.04133333333333333,0.0033701668640229118,0.9426666666666667,0.0028974232912011492,0.06536154968857091,0.0036414442057322786,0.3220403360393272,0.041548905138911615,0.14665071105430555,0.01460506278657128,0.5724431897455912,0.04173748986474374
cold_start_sweep,gis,1,Full TASR,50,1.0,10,451,500,5,0.0,0.0,0.032,0.010954451150103323,1.0,0.0,1.0,0.0,0.0372,0.003033150177620621,0.9483999999999999,0.0026076809620810618,0.053062299433700534,0.004320257534503379,0.29285981470149347,0.01936495859752263,0.12429855096209332,0.016396555194245606,0.5416379898213001,0.026303278299993987
cold_start_sweep,gis,3,Full TASR,50,0.5,1,1,50,5,0.764,0.06985699678629194,1.0,0.0,0.232,0.07293833011524187,0.98,0.0,0.764,0.06985699678629194,0.232,0.07293833011524187,0.7765748487237177,0.010651603857834913,0.605427280768168,0.004415534887462628,1.0,0.0,1.0,0.0
cold_start_sweep,gis,3,Full TASR,50,0.5,2,51,100,5,0.036000000000000004,0.026076809620810597,0.336,0.02190890230020665,0.964,0.026076809620810572,1.0,0.0,0.39999999999999997,0.041231056256176596,0.598,0.04207136793592527,0.34734785221946757,0.017973831431909306,0.5296212955107731,0.011091153287225382,0.5768804346037963,0.02390056909961729,0.8897496489214541,0.028898748217654983
cold_start_sweep,gis,3,Full TASR,50,0.5,3,101,150,5,0.0,0.0,0.104,0.03847076812334269,1.0,0.0,1.0,0.0,0.26666666666666666,0.027487370837451067,0.732,0.028047578623950187,0.27049059887245885,0.00987610458994217,0.4643449524926884,0.014629878885057514,0.480870290822766,0.025393912679264382,0.8299554390680247,0.03781256861739818
cold_start_sweep,gis,3,Full TASR,50,0.5,4,151,200,5,0.0,0.0,0.124,0.016733200530681516,1.0,0.0,1.0,0.0,0.19999999999999998,0.020615528128088298,0.799,0.021035683967962602,0.20255144456513832,0.006700780192224131,0.41824871616269854,0.00952333098309217,0.3861159306407365,0.025793883377546643,0.7917199844781398,0.0313194231244157
cold_start_sweep,gis,3,Full TASR,50,0.5,5,201,250,5,0.0,0.0,0.092,0.010954451150103324,1.0,0.0,1.0,0.0,0.16,0.016492422502470638,0.8392,0.01682854717437012,0.1621036247213424,0.004454316421900274,0.3802519893003974,0.013991692542141198,0.32705403371849706,0.02252829371788302,0.7334270775768458,0.04084060672234057
cold_start_sweep,gis,3,Full TASR,50,0.5,6,251,300,5,0.0,0.0,0.116,0.02190890230020665,1.0,0.0,1.0,0.0,0.13333333333333333,0.013743685418725534,0.866,0.014023789311975086,0.12310802831498564,0.0046118782481297865,0.3315197056091283,0.04486637673236198,0.2650832250338713,0.023066838836326434,0.6536480649307794,0.05094696587325995
cold_start_sweep,gis,3,Full TASR,50,0.5,7,301,350,5,0.0,0.0,0.124,0.008944271909999166,1.0,0.0,1.0,0.0,0.1142857142857143,0.01178030178747903,0.8851428571428571,0.012020390838835765,0.09332329100775048,0.002784744612868669,0.35666445510295774,0.019054359145968643,0.21378820436879659,0.018256426750059545,0.6531221944784618,0.01763206857484525
cold_start_sweep,gis,3,Full TASR,50,0.5,8,351,400,5,0.0,0.0,0.116,0.016733200530681513,1.0,0.0,1.0,0.0,0.09999999999999999,0.010307764064044149,0.8995,0.010517841983981306,0.07221635778974268,0.002285564055212336,0.2967420324288741,0.018385027558436916,0.17324572105466415,0.014117634030364605,0.5505673542993061,0.04147414194565235
cold_start_sweep,gis,3,Full TASR,50,0.5,9,401,450,5,0.0,0.0,0.116,0.016733200530681513,1.0,0.0,1.0,0.0,0.08888888888888889,0.009162456945817025,0.9106666666666666,0.009349192874650046,0.05560938191698731,0.002649626679092465,0.2821930849901135,0.054565877059223826,0.14028860856583797,0.014152568079073257,0.5036542621387354,0.07578387434489288
cold_start_sweep,gis,3,Full TASR,50,0.5,10,451,500,5,0.0,0.0,0.08800000000000001,0.010954451150103324,1.0,0.0,1.0,0.0,0.08,0.008246211251235319,0.9196000000000001,0.00841427358718506,0.045908881568911375,0.0025836683761087985,0.26245682191339753,0.037272248457677994,0.12011968942777623,0.01214942745300267,0.4814677846578263,0.05535436046716874
cold_start_sweep,gis,3,Full TASR,50,0.9,1,1,50,5,0.68,0.07745966692414835,0.96,0.03741657386773942,0.276,0.08763560920082657,0.8,0.10677078252031308,0.68,0.07745966692414835,0.276,0.08763560920082657,0.9648524111292681,0.005199601578099775,0.9243832992466479,0.0054996908842067736,1.0,0.0,1.0,0.0
cold_start_sweep,gis,3,Full TASR,50,0.9,2,51,100,5,0.044,0.01673320053068151,0.192,0.0303315017762062,0.9359999999999999,0.035777087639996624,0.98,0.034641016151377525,0.362,0.03834057902536162,0.606,0.043931765272977596,0.5631588184216301,0.008999815991719732,0.6783067065603503,0.00807614232993812,0.7034461200000001,0.017684537655025062,0.9110120033290594,0.024561238749056337
cold_start_sweep,gis,3,Full TASR,50,0.9,3,101,150,5,0.0,0.0,0.16,0.03464101615137754,1.0,0.0,1.0,0.0,0.24133333333333334,0.025560386016907764,0.7373333333333333,0.02928784351531844,0.3870990703137152,0.011733805954342948,0.5562476828265979,0.01436282036261881,0.5455379646000001,0.03163154370084445,0.8631019946470504,0.055733159757191696
cold_start_sweep,gis,3,Full TASR,50,0.9,4,151,200,5,0.0,0.0,0.152,0.0363318042491699,1.0,0.0,1.0,0.0,0.181,0.01917028951268081,0.803,0.02196588263648876,0.2716255086587336,0.012566855632943345,0.46150765722285797,0.01755850994576254,0.41575970787084016,0.03396561537535465,0.8016098169145492,0.02596538022642595
cold_start_sweep,gis,3,Full TASR,50,0.9,5,201,250,5,0.0,0.0,0.092,0.022803508501982758,1.0,0.0,1.0,0.0,0.1448,0.01533623161014465,0.8423999999999999,0.017572706109191052,0.2109846184062625,0.006007794511924526,0.38877887012001777,0.015864036881510078,0.3456204010401601,0.019362748844209108,0.719154431206776,0.01781551176323322
cold_start_sweep,gis,3,Full TASR,50,0.9,6,251,300,5,0.0,0.0,0.12,0.014142135623730954,1.0,0.0,1.0,0.0,0.12066666666666667,0.012780193008453882,0.8686666666666667,0.014643921757659191,0.16126155595254366,0.004604468711985827,0.32863015706365156,0.019908960746182897,0.28103688689696554,0.018600360295580317,0.6557953463583637,0.015177576099145598
cold_start_sweep,gis,3,Full TASR,50,0.9,7,301,350,5,0.0,0.0,0.12000000000000001,0.020000000000000004,1.0,0.0,1.0,0.0,0.10342857142857143,0.010954451150103317,0.8874285714285715,0.012551932935136463,0.12011772344386157,0.005337053758830548,0.32602866378725015,0.06598207833348504,0.22622321183155336,0.018809422970933787,0.6270877844455293,0.052559402926477185
cold_start_sweep,gis,3,Full TASR,50,0.9,8,351,400,5,0.0,0.0,0.116,0.029664793948382652,1.0,0.0,1.0,0.0,0.0905,0.009585144756340406,0.9015,0.010982941318244397,0.09219950670025097,0.006716945844654608,0.28591683730402884,0.060051551170969414,0.18449234392508865,0.021078266816759363,0.5395924398525337,0.07061317029401026
cold_start_sweep,gis,3,Full TASR,50,0.9,9,401,450,5,0.0,0.0,0.128,0.010954451150103333,1.0,0.0,1.0,0.0,0.08044444444444444,0.008520128672302585,0.9124444444444445,0.00976261450510616,0.068751497977049,0.004298881732488398,0.2896147448050678,0.03354897434413235,0.14704424346894945,0.018283637080816092,0.515179141954423,0.05995882585409515
cold_start_sweep,gis,3,Full TASR,50,0.9,10,451,500,5,0.0,0.0,0.08,0.02449489742783178,1.0,0.0,1.0,0.0,0.0724,0.007668115805072325,0.9212,0.008786353054595526,0.05565445110684719,0.005045921822061174,0.2670862846446745,0.0428823959604366,0.12460286983196994,0.016728640524471258,0.5042054826829484,0.08306938195592573
cold_start_sweep,gis,3,Full TASR,50,1.0,1,1,50,5,0.68,0.034641016151377525,0.804,0.04979959839195492,0.216,0.016733200530681502,0.772,0.048166378315169185,0.68,0.034641016151377525,0.216,0.016733200530681502,1.0,0.0,1.0,0.0,1.0,0.0,1.0,0.0
cold_start_sweep,gis,3,Full TASR,50,1.0,2,51,100,5,0.04,0.01414213562373095,0.22,0.03162277660168379,0.856,0.0864869932417586,0.944,0.0606630035524124,0.36,0.020000000000000004,0.536,0.04878524367060188,0.5852860613650973,0.01415577805509111,0.707890493128507,0.009205693647516708,0.6923730960000001,0.026419866898341457,0.8983111831199879,0.012848273264314109
cold_start_sweep,gis,3,Full TASR,50,1.0,3,101,150,5,0.0,0.0,0.172,0.057619441163551735,1.0,0.0,1.0,0.0,0.24,0.01333333333333334,0.6906666666666667,0.03252349578040124,0.41708362143238714,0.012645204245503628,0.5742079005149247,0.015191221154053813,0.5414076509416457,0.03147426440816097,0.8807857350401254,0.046023951615463236
cold_start_sweep,gis,3,Full TASR,50,1.0,4,151,200,5,0.0,0.0,0.152,0.022803508501982758,1.0,0.0,1.0,0.0,0.18,0.010000000000000002,0.768,0.024392621835300957,0.2931854840847283,0.011133634620355158,0.48493214721929295,0.0025091166475363145,0.41993882406024324,0.025157818702815193,0.8243055485531098,0.03455775709028369
cold_start_sweep,gis,3,Full TASR,50,1.0,5,201,250,5,0.0,0.0,0.108,0.017888543819998312,1.0,0.0,1.0,0.0,0.14400000000000002,0.007999999999999993,0.8144,0.019514097468240715,0.22139694401294083,0.010858196733010327,0.4286872304017406,0.020030401707763962,0.3457952443674063,0.025231346058918958,0.779702762337807,0.014626174834772899
cold_start_sweep,gis,3,Full TASR,50,1.0,6,251,300,5,0.0,0.0,0.116,0.026076809620810593,1.0,0.0,1.0,0.0,0.12,0.00666666666666667,0.8453333333333334,0.01626174789020062,0.17180328027041283,0.009128132917638854,0.33502687765463357,0.03176467894504828,0.28366371510919824,0.027185921112056095,0.6638723737529828,0.03625115858952255
cold_start_sweep,gis,3,Full TASR,50,1.0,7,301,350,5,0.0,0.0,0.132,0.02280350850198276,1.0,0.0,1.0,0.0,0.10285714285714286,0.005714285714285715,0.8674285714285714,0.013938641048743396,0.12624894222212044,0.011898198522284605,0.37942367055074727,0.013988094431484306,0.22618108546006466,0.030654240072858135,0.6898046075301449,0.00689076648193821
cold_start_sweep,gis,3,Full TASR,50,1.0,8,351,400,5,0.0,0.0,0.128,0.017888543819998323,1.0,0.0,1.0,0.0,0.09,0.005000000000000001,0.884,0.01219631091765046,0.09476979169216472,0.008089867368334126,0.32314490703111476,0.016311569034043728,0.18099615151146112,0.023843481723152114,0.5774733752682504,0.04498549764651166
cold_start_sweep,gis,3,Full TASR,50,1.0,9,401,450,5,0.0,0.0,0.116,0.0260768096208106,1.0,0.0,1.0,0.0,0.08,0.004444444444444445,0.8968888888888888,0.010841165260133746,0.07228109602148781,0.0076132316923747,0.3152483687137683,0.021278899127195515,0.14724857076386513,0.02186184276414971,0.521061594381724,0.044183433663705154
cold_start_sweep,gis,3,Full TASR,50,1.0,10,451,500,5,0.0,0.0,0.092,0.030331501776206207,1.0,0.0,1.0,0.0,0.07200000000000001,0.003999999999999997,0.9072,0.009757048734120383,0.05870381722115711,0.00744364097476424,0.2633898471859898,0.02630913980409512,0.1257043810022297,0.021371337167915838,0.4570784413512013,0.04283129577312542
cold_start_sweep,physics,1,Full TASR,50,0.5,1,1,50,5,0.548,0.11099549540409284,1.0,0.0,0.452,0.1109954954040929,1.0,0.0,0.548,0.11099549540409284,0.452,0.1109954954040929,0.9055621985812191,0.0,0.9055621985812191,0.0,1.0,0.0,1.0,0.0
cold_start_sweep,physics,1,Full TASR,50,0.5,2,51,100,5,0.02,0.0,0.14800000000000002,0.010954451150103317,0.98,0.0,1.0,0.0,0.284,0.05549774770204642,0.716,0.05549774770204644,0.2998301234829548,0.018704754839430796,0.7129526778744492,0.036279359215505444,0.45916502400000014,0.026197400131479257,1.0,0.0
cold_start_sweep,physics,1,Full TASR,50,0.5,3,101,150,5,0.0,0.0,0.028,0.010954451150103323,1.0,0.0,1.0,0.0,0.18933333333333333,0.03699849846803096,0.8106666666666666,0.03699849846803096,0.2458098874067354,0.013834619402680798,0.4735083611295323,0.05491731774182796,0.39689076762000014,0.0344911432289926,0.930504870688,0.03823610548858798
cold_start_sweep,physics,1,Full TASR,50,0.5,4,151,200,5,0.0,0.0,0.048,0.022803508501982758,1.0,0.0,1.0,0.0,0.142,0.02774887385102321,0.858,0.027748873851023242,0.17765893967737284,0.013708253089746167,0.479469888943498,0.02207004356772124,0.31088169719316017,0.05175532172574914,0.976572252851357,0.03099656014201597
cold_start_sweep,physics,1,Full TASR,50,0.5,5,201,250,5,0.0,0.0,0.04,0.01414213562373095,1.0,0.0,1.0,0.0,0.11359999999999999,0.02219909908081857,0.8864,0.022199099080818595,0.1298478285633849,0.003893030988743017,0.4684289138828525,0.058983018377249036,0.24616558399683974,0.03853098712049403,1.0,0.0
cold_start_sweep,physics,1,Full TASR,50,0.5,6,251,300,5,0.0,0.0,0.036000000000000004,0.00894427190999916,1.0,0.0,1.0,0.0,0.09466666666666666,0.01849924923401548,0.9053333333333333,0.018499249234015486,0.10171748670816598,0.004715937463793777,0.3816684687840263,0.02862719366117415,0.2039694815284324,0.03395666658426403,0.9512566832000001,0.007068648802114531
cold_start_sweep,physics,1,Full TASR,50,0.5,7,301,350,5,0.0,0.0,0.052,0.01095445115010332,1.0,0.0,1.0,0.0,0.08114285714285714,0.015856499343441837,0.9188571428571428,0.01585649934344183,0.07141073794181817,0.0042414437182461,0.3634021329235418,0.031543691495842414,0.15510149584727687,0.026024183917008073,0.9745440000000001,0.014230336608808644
cold_start_sweep,physics,1,Full TASR,50,0.5,8,351,400,5,0.0,0.0,0.044,0.01673320053068151,1.0,0.0,1.0,0.0,0.071,0.013874436925511605,0.929,0.013874436925511602,0.0514102999957388,0.0014960904406514295,0.36234698033346896,0.0415654285422978,0.12044193914772405,0.020051072051342052,0.9672000000000001,0.01833575741549824
cold_start_sweep,physics,1,Full TASR,50,0.5,9,401,450,5,0.0,0.0,0.032,0.010954451150103323,1.0,0.0,1.0,0.0,0.06311111111111112,0.012332832822676984,0.9368888888888889,0.012332832822676972,0.039943924763560096,0.0009352650609872403,0.36972130315341545,0.03800729559449034,0.0975579707096565,0.01624136836158707,0.9974188944,0.005771527578705331
cold_start_sweep,physics,1,Full TASR,50,0.5,10,451,500,5,0.0,0.0,0.044,0.008944271909999158,1.0,0.0,1.0,0.0,0.056799999999999996,0.011099549540409285,0.9431999999999999,0.011099549540409257,0.030285922075979577,0.0008414393578319263,0.37782049052301303,0.045850400276618596,0.07724936865089126,0.012091432036218342,1.0,0.0
cold_start_sweep,physics,1,Full TASR,50,0.9,1,1,50,5,0.544,0.1283744522870497,0.952,0.017888543819998284,0.42000000000000004,0.12165525060596441,0.968,0.010954451150103333,0.544,0.1283744522870497,0.42000000000000004,0.12165525060596441,0.9796643559956332,0.0007531270947802649,0.9797374281418512,0.00015061711571789406,1.0,0.0,1.0,0.0
cold_start_sweep,physics,1,Full TASR,50,0.9,2,51,100,5,0.02,0.0,0.092,0.017888543819998316,0.96,0.04472135954999579,1.0,0.0,0.282,0.06418722614352484,0.69,0.049497474683058325,0.4855160656645604,0.005383313328104818,0.8107128761076431,0.06577724465017994,0.6180462000000001,0.05613394674526278,0.9924548268236095,0.01687152012441706
cold_start_sweep,physics,1,Full TASR,50,0.9,3,101,150,5,0.0,0.0,0.044,0.008944271909999158,1.0,0.0,1.0,0.0,0.188,0.04279148409568324,0.7933333333333333,0.03299831645537222,0.3572101573328017,0.013248263825034905,0.5593859500245482,0.024162546628881943,0.49200807780000017,0.06283197073814187,0.9648433104,0.03297718937129209
cold_start_sweep,physics,1,Full TASR,50,0.9,4,151,200,5,0.0,0.0,0.044,0.01673320053068151,1.0,0.0,1.0,0.0,0.141,0.03209361307176242,0.845,0.024748737341529145,0.2439989968103318,0.0143187939568204,0.5726176073033682,0.06579876350719077,0.37589257711620017,0.0623811331243616,0.978081521973289,0.017274421177547055
cold_start_sweep,physics,1,Full TASR,50,0.9,5,201,250,5,0.0,0.0,0.048,0.01095445115010332,1.0,0.0,1.0,0.0,0.1128,0.02567489045740994,0.876,0.019798989873223347,0.1738272746557095,0.0096569690390735,0.5288838749210445,0.09925511837537629,0.29292406017112993,0.05400442399396993,0.9836,0.02245662485771177
cold_start_sweep,physics,1,Full TASR,50,0.9,6,251,300,5,0.0,0.0,0.028,0.010954451150103323,1.0,0.0,1.0,0.0,0.094,0.02139574204784162,0.8966666666666666,0.016499158227686102,0.1373170009117813,0.0067017866284383,0.43194431109301745,0.06686866729166832,0.24856567019785528,0.051289544434461744,0.9512566832000001,0.007068648802114531
cold_start_sweep,physics,1,Full TASR,50,0.9,7,301,350,5,0.0,0.0,0.052,0.017888543819998316,1.0,0.0,1.0,0.0,0.08057142857142857,0.018339207469578532,0.9114285714285715,0.014142135623730958,0.09238226593201455,0.0030327487786746426,0.37975382375796807,0.053805006704922935,0.18390607700958247,0.032121221941834935,0.955152496505133,0.017838643830290213
cold_start_sweep,physics,1,Full TASR,50,0.9,8,351,400,5,0.0,0.0,0.052,0.01095445115010332,1.0,0.0,1.0,0.0,0.0705,0.01604680653588121,0.9225,0.012374368670764581,0.06678675126115896,0.0023189051162069547,0.3751442236050477,0.052602817398382955,0.14073840281985225,0.02998419388433188,0.9672000000000001,0.01833575741549824
cold_start_sweep,physics,1,Full TASR,50,0.9,9,401,450,5,0.0,0.0,0.056,0.01673320053068151,1.0,0.0,1.0,0.0,0.06266666666666666,0.014263828031894412,0.9311111111111111,0.010999438818457405,0.04691980358824227,0.002385301303167736,0.40985023699257855,0.07402346285656763,0.10485256998509064,0.02290039598011395,1.0,0.0
cold_start_sweep,physics,1,Full TASR,50,0.9,10,451,500,5,0.0,0.0,0.044,0.008944271909999158,1.0,0.0,1.0,0.0,0.0564,0.01283744522870497,0.938,0.009899494936611623,0.035826298242948015,0.00027432871616090934,0.41809774810363487,0.058457953259475275,0.08296103988355621,0.01722706410044259,1.0,0.0
cold_start_sweep,physics,1,Full TASR,50,1.0,1,1,50,5,0.508,0.10825894882179486,0.868,0.010954451150103333,0.348,0.10449880382090504,0.904,0.016733200530681527,0.508,0.10825894882179486,0.348,0.10449880382090504,1.0,0.0,1.0,0.0,1.0,0.0,1.0,0.0
cold_start_sweep,physics,1,Full TASR,50,1.0,2,51,100,5,0.016,0.00894427190999916,0.088,0.017888543819998316,0.9319999999999999,0.03033150177620617,0.976,0.008944271909999166,0.262,0.05263078946776307,0.64,0.05431390245600109,0.5146283873901264,0.019067618338565614,0.7848357252694981,0.029930904256704787,0.6453399600000002,0.02406018088061687,0.9844795030184073,0.02668134415083269
cold_start_sweep,physics,1,Full TASR,50,1.0,3,101,150,5,0.0,0.0,0.04,0.01414213562373095,0.972,0.010954451150103333,0.988,0.010954451150103333,0.17466666666666666,0.035087192978508715,0.7506666666666667,0.033199732261303315,0.37910417671733715,0.028495757975012654,0.561576754104381,0.03886170390076186,0.5239063476000001,0.0445148318966952,0.9701276288,0.027675925216172216
cold_start_sweep,physics,1,Full TASR,50,1.0,4,151,200,5,0.0,0.0,0.052,0.01095445115010332,1.0,0.0,1.0,0.0,0.131,0.026315394733881534,0.813,0.024899799195977436,0.25793227581616546,0.009228167750832876,0.5485834736697108,0.039222756868902094,0.39828548138040015,0.03211322316550444,1.0,0.0
cold_start_sweep,physics,1,Full TASR,50,1.0,5,201,250,5,0.0,0.0,0.044,0.01673320053068151,1.0,0.0,1.0,0.0,0.1048,0.02105231578710523,0.8503999999999999,0.01991983935678199,0.1810971917254733,0.011671660872752789,0.49707530997807614,0.03938064768559884,0.3098761085719117,0.03206636829612627,0.9918,0.01833575741549824
cold_start_sweep,physics,1,Full TASR,50,1.0,6,251,300,5,0.0,0.0,0.032,0.022803508501982758,1.0,0.0,1.0,0.0,0.08733333333333333,0.017543596489254357,0.8753333333333333,0.016599866130651657,0.13610209152879202,0.005280567269991713,0.42023776954354364,0.05511256257182942,0.2515645070162105,0.03224408266154391,0.9538377888,0.007068648802114531
cold_start_sweep,physics,1,Full TASR,50,1.0,7,301,350,5,0.0,0.0,0.056,0.008944271909999158,1.0,0.0,1.0,0.0,0.07485714285714286,0.015037368419360878,0.8931428571428571,0.014228456683415679,0.0920706148579756,0.0038064719603950613,0.3832961088171848,0.0371263536937582,0.18709656599252114,0.021615473692868932,0.9616662482525665,0.014565191695819433
cold_start_sweep,physics,1,Full TASR,50,1.0,8,351,400,5,0.0,0.0,0.052,0.01788854381999832,1.0,0.0,1.0,0.0,0.0655,0.013157697366940767,0.9065,0.012449899597988742,0.0665550753139137,0.0034777428345142323,0.4015219004084746,0.06063324569125217,0.14383401461607168,0.027615612191777036,0.9836,0.02245662485771177
cold_start_sweep,physics,1,Full TASR,50,1.0,9,401,450,5,0.0,0.0,0.048,0.017888543819998316,1.0,0.0,1.0,0.0,0.058222222222222224,0.011695730992836237,0.9168888888888889,0.01106657742043446,0.04686270949914341,0.0011493182503427765,0.42646610097581045,0.09305782577497283,0.10648223209388447,0.01702518383002771,1.0,0.0
cold_start_sweep,physics,1,Full TASR,50,1.0,10,451,500,5,0.0,0.0,0.036000000000000004,0.00894427190999916,1.0,0.0,1.0,0.0,0.0524,0.010526157893552615,0.9252,0.009959919678390954,0.036193291533493016,0.000818504919492938,0.4280479917850671,0.09778810211611194,0.08625060799604643,0.013790398902322445,1.0,0.0
cold_start_sweep,physics,3,Full TASR,50,0.5,1,1,50,5,0.656,0.10430723848324239,1.0,0.0,0.344,0.10430723848324239,1.0,0.0,0.656,0.10430723848324239,0.344,0.10430723848324239,0.6984581240874295,0.07284235492424937,0.8257688558409688,0.10857165688097299,1.0,0.0,1.0,0.0
cold_start_sweep,physics,3,Full TASR,50,0.5,2,51,100,5,0.012,0.010954451150103323,0.336,0.045607017003965515,0.988,0.010954451150103333,1.0,0.0,0.334,0.05683308895353129,0.666,0.056833088953531286,0.31033126320618876,0.007413935255279345,0.7475397002816322,0.0729841623345928,0.5749112636951493,0.03589974917382867,1.0,0.0
cold_start_sweep,physics,3,Full TASR,50,0.5,3,101,150,5,0.0,0.0,0.112,0.02280350850198276,1.0,0.0,1.0,0.0,0.22266666666666665,0.03788872596902086,0.7773333333333333,0.03788872596902088,0.2455579121125511,0.00963209717050908,0.5305117220738693,0.074355264960241,0.47355616781270116,0.04258423368203774,0.957873544,0.03845601703158138
cold_start_sweep,physics,3,Full TASR,50,0.5,4,151,200,5,0.0,0.0,0.116,0.016733200530681513,1.0,0.0,1.0,0.0,0.167,0.028416544476765646,0.833,0.028416544476765636,0.18197427461197366,0.010083540369435264,0.5524731477605509,0.08789169349277764,0.37199356042370757,0.03490991788922854,0.99550872,0.010042807385985226
cold_start_sweep,physics,3,Full TASR,50,0.5,5,201,250,5,0.0,0.0,0.17200000000000001,0.026832815729997475,1.0,0.0,1.0,0.0,0.1336,0.022733235581412513,0.8664,0.022733235581412537,0.12867415137920532,0.005688199212921406,0.5033339485596752,0.09138321665618244,0.28069800178098553,0.03295770360949435,0.9836,0.02245662485771177
cold_start_sweep,physics,3,Full TASR,50,0.5,6,251,300,5,0.0,0.0,0.116,0.016733200530681513,1.0,0.0,1.0,0.0,0.11133333333333333,0.01894436298451043,0.8886666666666666,0.018944362984510403,0.10098664603602714,0.004628229683261225,0.4086615190149692,0.06387660983444426,0.226837970322362,0.030755295276572878,0.9672000000000001,0.01833575741549824
cold_start_sweep,physics,3,Full TASR,50,0.5,7,301,350,5,0.0,0.0,0.17200000000000001,0.022803508501982758,1.0,0.0,1.0,0.0,0.09542857142857143,0.016238025415294656,0.9045714285714286,0.01623802541529468,0.07055614231915151,0.0036103597176395763,0.3998764772439594,0.0862243249406823,0.16757122487737713,0.020541987051635516,0.96818,0.0
cold_start_sweep,physics,3,Full TASR,50,0.5,8,351,400,5,0.0,0.0,0.156,0.016733200530681502,1.0,0.0,1.0,0.0,0.0835,0.014208272238382823,0.9165,0.014208272238382811,0.051436931934446706,0.0017695593723575645,0.4182472535435988,0.11962169511673662,0.12649224258494782,0.01782999500202058,0.9672000000000001,0.01833575741549824
cold_start_sweep,physics,3,Full TASR,50,0.5,9,401,450,5,0.0,0.0,0.124,0.021908902300206645,1.0,0.0,1.0,0.0,0.07422222222222222,0.012629575323006955,0.9257777777777778,0.01262957532300694,0.03907457173060466,0.001715845748637605,0.4233525423518424,0.11691383954782897,0.09822494652989053,0.014505972576605524,0.9974188944,0.005771527578705331
cold_start_sweep,physics,3,Full TASR,50,0.5,10,451,500,5,0.0,0.0,0.14,0.020000000000000004,1.0,0.0,1.0,0.0,0.0668,0.011366617790706256,0.9332,0.011366617790706215,0.02921072241953304,0.0013905508471930197,0.40028158988111273,0.09525600925869764,0.07607277610574777,0.010844668405916484,1.0,0.0
cold_start_sweep,physics,3,Full TASR,50,0.9,1,1,50,5,0.888,0.060991802727907635,0.98,0.014142135623730963,0.08,0.04898979485566357,0.5760000000000001,0.205621010599598,0.888,0.060991802727907635,0.08,0.04898979485566357,0.9709080816768988,0.005593184338547173,0.9337733285834744,0.008322455136417052,1.0,0.0,1.0,0.0
cold_start_sweep,physics,3,Full TASR,50,0.9,2,51,100,5,0.076,0.04979959839195493,0.28800000000000003,0.04604345773288536,0.736,0.19204166214652485,0.896,0.11349008767288886,0.482,0.0370135110466435,0.408,0.08642916174532762,0.5215886012394446,0.01653557931228712,0.7435801728343133,0.06222017013814963,0.6559077837556321,0.03399186120617843,0.9830435390795917,0.023833804137729092
cold_start_sweep,physics,3,Full TASR,50,0.9,3,101,150,5,0.0,0.0,0.14,0.0469041575982343,0.968,0.04147288270665543,0.996,0.008944271909999166,0.3213333333333333,0.024675674031095662,0.5946666666666667,0.06401388738217495,0.3840174648369694,0.007521813120079255,0.5419436415535119,0.029769456988697738,0.5208273855871648,0.04766299730813539,0.9575022480000001,0.03204768337380284
cold_start_sweep,physics,3,Full TASR,50,0.9,4,151,200,5,0.0,0.0,0.14400000000000002,0.016733200530681513,1.0,0.0,1.0,0.0,0.241,0.01850675552332175,0.696,0.048010415536631205,0.26316626467372484,0.00836080489681378,0.5499595853956575,0.0700202123284857,0.39358030372776315,0.03733439562205283,0.99550872,0.010042807385985226
cold_start_sweep,physics,3,Full TASR,50,0.9,5,201,250,5,0.0,0.0,0.152,0.010954451150103317,1.0,0.0,1.0,0.0,0.1928,0.014805404418657402,0.7568,0.038408332429305005,0.17939767532961598,0.004823372676985859,0.5079747726639362,0.061579222568616594,0.29833802006826565,0.030242596911272946,1.0,0.0
cold_start_sweep,physics,3,Full TASR,50,0.9,6,251,300,5,0.0,0.0,0.128,0.02280350850198276,1.0,0.0,1.0,0.0,0.16066666666666665,0.012337837015547831,0.7973333333333333,0.03200694369108749,0.13334280550339467,0.005351335950429439,0.4240396406801501,0.054338174129828026,0.23683622620505668,0.02721576226900683,0.9564188944,0.005771527578705381
cold_start_sweep,physics,3,Full TASR,50,0.9,7,301,350,5,0.0,0.0,0.164,0.026076809620810593,1.0,0.0,1.0,0.0,0.1377142857142857,0.010575288870469574,0.8262857142857143,0.02743452316378927,0.08992800700038212,0.0032611190268605986,0.4367871489803611,0.10306467743707477,0.17462089344632326,0.01900393111129479,0.987272,0.017428531779814363
cold_start_sweep,physics,3,Full TASR,50,0.9,8,351,400,5,0.0,0.0,0.156,0.026076809620810593,1.0,0.0,1.0,0.0,0.1205,0.009253377761660875,0.848,0.0240052077683156,0.06404349587405202,0.0027494893451648415,0.4334458390749628,0.10909112094617882,0.13258950060470176,0.017331487453771496,0.9672000000000001,0.01833575741549824
cold_start_sweep,physics,3,Full TASR,50,0.9,9,401,450,5,0.0,0.0,0.132,0.02280350850198276,1.0,0.0,1.0,0.0,0.10711111111111112,0.008225224677031882,0.8648888888888889,0.02133796246072496,0.04729619828620995,0.0018407493908971018,0.4603627119176522,0.11680840694398138,0.1024884799873081,0.011963040286269442,0.9974188944,0.005771527578705331
cold_start_sweep,physics,3,Full TASR,50,0.9,10,451,500,5,0.0,0.0,0.14,0.03741657386773941,1.0,0.0,1.0,0.0,0.0964,0.007402702209328701,0.8784,0.019204166214652502,0.034650554548908065,0.0015096190520208868,0.46600642667055564,0.12186625762036968,0.0797770218473243,0.01143548448148753,0.9918,0.01833575741549824
cold_start_sweep,physics,3,Full TASR,50,1.0,1,1,50,5,0.736,0.07797435475847173,0.944,0.016733200530681485,0.156,0.04979959839195493,0.6,0.031622776601683784,0.736,0.07797435475847173,0.156,0.04979959839195493,1.0,0.0,1.0,0.0,1.0,0.0,1.0,0.0
cold_start_sweep,physics,3,Full TASR,50,1.0,2,51,100,5,0.076,0.03286335345030997,0.328,0.14737706741552428,0.668,0.1889973544788392,0.836,0.13221195104830727,0.406,0.04722287581247038,0.412,0.10134100848126587,0.5504855205868152,0.019843258747027897,0.7421626401953606,0.03439945887290968,0.662621339914831,0.02581241847056082,0.9849392650592,0.023254008578172416
cold_start_sweep,physics,3,Full TASR,50,1.0,3,101,150,5,0.0,0.0,0.148,0.04147288270665544,0.94,0.019999999999999962,0.968,0.017888543819998333,0.27066666666666667,0.03148191720831359,0.588,0.06788879796320517,0.40050674379478535,0.01341708744821718,0.5205866648638516,0.013878942182865912,0.522588773461021,0.025934021031053838,0.9625992944,0.03323772630637296
cold_start_sweep,physics,3,Full TASR,50,1.0,4,151,200,5,0.0,0.0,0.132,0.010954451150103333,1.0,0.0,1.0,0.0,0.203,0.02361143790623519,0.691,0.05091659847240385,0.27912185351789687,0.005616229480917989,0.517420333908938,0.03163844706548617,0.40280375323710704,0.02898449081011608,1.0,0.0
cold_start_sweep,physics,3,Full TASR,50,1.0,5,201,250,5,0.0,0.0,0.148,0.022803508501982758,1.0,0.0,1.0,0.0,0.1624,0.018889150324988144,0.7528,0.04073327877792313,0.19287883131865108,0.0056549651165482785,0.46166649179646985,0.03619789960823209,0.30676283723979036,0.027399638394681885,0.9672000000000001,0.01833575741549824
cold_start_sweep,physics,3,Full TASR,50,1.0,6,251,300,5,0.0,0.0,0.124,0.03286335345030996,1.0,0.0,1.0,0.0,0.13533333333333333,0.015740958604156793,0.794,0.033944398981602564,0.14108562487373544,0.006280580836701605,0.400573287898846,0.04804609055369098,0.24349397539026665,0.029966293218459134,0.9590000000000001,0.0
cold_start_sweep,physics,3,Full TASR,50,1.0,7,301,350,5,0.0,0.0,0.18,0.020000000000000004,1.0,0.0,1.0,0.0,0.116,0.01349225023213439,0.8234285714285714,0.029095199127087933,0.09660981214436419,0.002583744712272129,0.38362090560432144,0.04300779034764701,0.17737655918811998,0.022537184533547652,0.980908,0.017428531779814363
cold_start_sweep,physics,3,Full TASR,50,1.0,8,351,400,5,0.0,0.0,0.14800000000000002,0.010954451150103317,1.0,0.0,1.0,0.0,0.1015,0.011805718953117595,0.8455,0.02545829923620196,0.06864534323252486,0.0030583821926659545,0.3804195322910191,0.053475378629584285,0.13518429644676552,0.01984272614099639,0.9836,0.02245662485771177
cold_start_sweep,physics,3,Full TASR,50,1.0,9,401,450,5,0.0,0.0,0.14400000000000002,0.016733200530681513,1.0,0.0,1.0,0.0,0.09022222222222223,0.010493972402771197,0.8626666666666667,0.02262959932106838,0.050300490960839515,0.002082525791700403,0.394459439585803,0.07152411395811617,0.10401141394666301,0.015758705072161577,0.9974188944,0.005771527578705331
cold_start_sweep,physics,3,Full TASR,50,1.0,10,451,500,5,0.0,0.0,0.124,0.021908902300206645,1.0,0.0,1.0,0.0,0.0812,0.009444575162494072,0.8764,0.020366639388961567,0.0376780432479955,0.0019153362249654479,0.4126364486840262,0.09095257044715935,0.0822627709848791,0.011898045848948813,1.0,0.0
online,gaming,1,Full TASR,50,0.7,1,1,50,5,0.032,0.05019960159204453,0.208,0.4318796128552493,0.948,0.05019960159204453,1.0,0.0,0.032,0.05019960159204453,0.948,0.05019960159204453,0.7614827020051244,0.10197893214432757,0.8378834354089585,0.02064863302371363,1.0,0.0,1.0,0.0
online,gaming,1,Full TASR,50,0.7,2,51,100,5,0.004,0.00894427190999916,0.064,0.02190890230020665,0.9239999999999999,0.03847076812334267,0.972,0.030331501776206183,0.018000000000000002,0.029495762407505257,0.9359999999999999,0.03361547262794319,0.47695964308230826,0.0331236899219194,0.5405655975760688,0.015205064608826025,0.7656444,0.06430853175745814,0.8054827239388891,0.008756213163997618
online,gaming,1,Full TASR,50,0.7,3,101,150,5,0.0,0.0,0.028,0.010954451150103323,0.908,0.11099549540409287,0.972,0.04381780460041328,0.012,0.019663841605003504,0.9266666666666666,0.050110987927909696,0.3574733382282319,0.016639665795472647,0.41448720411682877,0.0050794136416590875,0.6332939640000002,0.05099584679330743,0.7219885076765484,0.033786042072989894
online,gaming,1,Full TASR,50,0.7,4,151,200,5,0.0,0.0,0.028,0.010954451150103323,0.976,0.05366563145999495,0.996,0.008944271909999166,0.009000000000000001,0.014747881203752628,0.9390000000000001,0.03798025802966586,0.27249826255037446,0.007489899948607139,0.3583287726646041,0.03530932095214249,0.5248511316000002,0.021183107599240848,0.6848870895853902,0.020495079407560547
online,gaming,1,Full TASR,50,0.7,5,201,250,5,0.0,0.0,0.036000000000000004,0.00894427190999916,0.964,0.04979959839195491,0.988,0.017888543819998333,0.0072,0.0117983049630021,0.944,0.03847076812334267,0.214978815189456,0.013137605346707073,0.26279503679879557,0.012078775032815518,0.44617448019600014,0.03764451240386105,0.5954926658549209,0.03524602805737349
online,gaming,1,Full TASR,50,0.7,6,251,300,5,0.0,0.0,0.028,0.010954451150103323,0.996,0.008944271909999166,1.0,0.0,0.006,0.009831920802501752,0.9526666666666667,0.031216092715848385,0.17763720938764288,0.017256766657844105,0.21757798176404541,0.017130595526955,0.3851992781964001,0.0361036726649877,0.5405405868979778,0.021948746494524305
online,gaming,1,Full TASR,50,0.7,7,301,350,5,0.0,0.0,0.032,0.010954451150103323,0.984,0.026076809620810618,0.996,0.008944271909999166,0.005142857142857143,0.008427360687858643,0.9571428571428572,0.02969229955832364,0.13835384208910104,0.008731758201417982,0.17397353582646688,0.017942784268432033,0.3182876272608841,0.02424889469797784,0.46695823829341215,0.029604624754658054
online,gaming,1,Full TASR,50,0.7,8,351,400,5,0.0,0.0,0.028,0.017888543819998316,0.9319999999999999,0.06870225614927067,0.98,0.028284271247461926,0.0045000000000000005,0.007373940601876314,0.954,0.024277046772620416,0.1148316240819677,0.0174622719846347,0.138362714667335,0.016377055992376877,0.2757265421485177,0.03406333868542793,0.38232590564259544,0.019611062399708976
online,gaming,1,Full TASR,50,0.7,9,401,450,5,0.0,0.0,0.036000000000000004,0.00894427190999916,0.996,0.008944271909999166,0.996,0.008944271909999166,0.004,0.006554613868334501,0.9586666666666667,0.021291625896895094,0.08981609355917007,0.009982405462260428,0.12598972434453065,0.010705867360977584,0.22745632178219233,0.021318857671948598,0.3636466675641293,0.030726603192421178
online,gaming,1,Full TASR,50,0.7,10,451,500,5,0.0,0.0,0.04,0.02,1.0,0.0,1.0,0.0,0.0036,0.00589915248150105,0.9628,0.019162463307205554,0.07250635109894336,0.01224475266897143,0.10403985734135539,0.011046350900009931,0.19080030038954537,0.02237477022990989,0.31095401999527345,0.03424320756412383
online,gaming,1,No Defense,50,0.7,1,1,50,5,0.18,0.039999999999999994,0.248,0.06099180272790762,0.708,0.04816637831516917,0.948,0.010954451150103333,0.18,0.039999999999999994,0.708,0.04816637831516917,0.7,0.0,0.7,0.0,1.0,0.0,1.0,0.0
online,gaming,1,No Defense,50,0.7,2,51,100,5,0.224,0.06841052550594828,0.256,0.062289646009589736,0.644,0.07266360849833979,0.924,0.016733200530681475,0.20199999999999999,0.0496990945591567,0.6759999999999999,0.05504543577809154,0.7,0.0,0.7,0.0,1.0,0.0,1.0,0.0
online,gaming,1,No Defense,50,0.7,3,101,150,5,0.2,0.06324555320336758,0.26,0.03464101615137755,0.62,0.07483314773547882,0.904,0.016733200530681527,0.20133333333333334,0.03812260921465547,0.6573333333333333,0.04728166193732571,0.7,0.0,0.7,0.0,1.0,0.0,1.0,0.0
online,gaming,1,No Defense,50,0.7,4,151,200,5,0.244,0.055497747702046435,0.28,0.04000000000000001,0.708,0.046043457732885346,0.98,0.0,0.212,0.023874672772626643,0.67,0.031424512724941324,0.7,0.0,0.7,0.0,1.0,0.0,1.0,0.0
online,gaming,1,No Defense,50,0.7,5,201,250,5,0.184,0.05549774770204643,0.24,0.07874007874011811,0.64,0.052915026221291815,0.904,0.008944271909999166,0.2064,0.018022208521710097,0.664,0.026683328128252633,0.7,0.0,0.7,0.0,1.0,0.0,1.0,0.0
online,gaming,1,No Defense,50,0.7,6,251,300,5,0.2,0.04898979485566356,0.292,0.05403702434442518,0.652,0.08786353054595522,0.944,0.008944271909999166,0.20533333333333334,0.02116076033080517,0.662,0.032880254121753855,0.7,0.0,0.7,0.0,1.0,0.0,1.0,0.0
online,gaming,1,No Defense,50,0.7,7,301,350,5,0.24,0.048989794855663564,0.3,0.03162277660168379,0.604,0.04560701700396552,0.916,0.008944271909999166,0.2102857142857143,0.02016260430214555,0.6537142857142857,0.029651031575130507,0.7,0.0,0.7,0.0,1.0,0.0,1.0,0.0
online,gaming,1,No Defense,50,0.7,8,351,400,5,0.212,0.0303315017762062,0.26,0.05830951894845301,0.54,0.03741657386773939,0.852,0.017888543819998333,0.2105,0.018320070960561267,0.6395000000000001,0.027465887933944545,0.7,0.0,0.7,0.0,1.0,0.0,1.0,0.0
online,gaming,1,No Defense,50,0.7,9,401,450,5,0.188,0.0303315017762062,0.288,0.0363318042491699,0.6920000000000001,0.038987177379235835,0.944,0.008944271909999166,0.208,0.013931047127695531,0.6453333333333333,0.02323258673544021,0.7,0.0,0.7,0.0,1.0,0.0,1.0,0.0
online,gaming,1,No Defense,50,0.7,10,451,500,5,0.216,0.05366563145999495,0.248,0.06418722614352486,0.652,0.05761944116355171,0.956,0.008944271909999166,0.20879999999999999,0.01616168308066954,0.646,0.025099800796022243,0.7,0.0,0.7,0.0,1.0,0.0,1.0,0.0
online,gaming,1,Rel,50,0.7,1,1,50,5,0.032,0.05019960159204453,0.208,0.4318796128552493,0.948,0.05019960159204453,1.0,0.0,0.032,0.05019960159204453,0.948,0.05019960159204453,0.7614827020051244,0.10197893214432757,0.8378834354089585,0.02064863302371363,1.0,0.0,1.0,0.0
online,gaming,1,Rel,50,0.7,2,51,100,5,0.004,0.00894427190999916,0.076,0.035777087639996645,0.976,0.026076809620810618,1.0,0.0,0.018000000000000002,0.029495762407505257,0.962,0.031144823004794854,0.5369807697252529,0.015763387911315773,0.6376257497036039,0.012224541370522956,0.6916139640000001,0.08359771790525436,0.6912183191980279,0.016078161619910616
online,gaming,1,Rel,50,0.7,3,101,150,5,0.0,0.0,0.028,0.010954451150103323,0.992,0.017888543819998333,0.996,0.008944271909999166,0.012,0.019663841605003504,0.972,0.021807236311728186,0.4608828902966568,0.01586162041578338,0.5616756657495106,0.03400413439918937,0.5830865676000001,0.06033852919915147,0.58683743126077,0.033079760839978864
online,gaming,1,Rel,50,0.7,4,151,200,5,0.0,0.0,0.024,0.00894427190999916,1.0,0.0,1.0,0.0,0.009000000000000001,0.014747881203752628,0.979,0.01635542723379614,0.4029047655367536,0.017729501071906576,0.5224710625460924,0.024851377297818483,0.5023392908400002,0.04219282768606833,0.5350256319254303,0.02715874314915005
online,gaming,1,Rel,50,0.7,5,201,250,5,0.0,0.0,0.032,0.010954451150103323,1.0,0.0,1.0,0.0,0.0072,0.0117983049630021,0.9832,0.013084341787036912,0.34446132655291634,0.012227125625809158,0.44799662273848717,0.034146304008306066,0.4250701077804001,0.043986787786181425,0.4538127179346284,0.03379850711693749
online,gaming,1,Rel,50,0.7,6,251,300,5,0.0,0.0,0.048,0.01788854381999832,0.992,0.017888543819998333,1.0,0.0,0.006,0.009831920802501752,0.9846666666666667,0.010697871023920821,0.286392207971257,0.01281054670506216,0.39233783419497187,0.044945753519042786,0.3471241090981321,0.03660497610810744,0.3957235439522252,0.04545614758545172
online,gaming,1,Rel,50,0.7,7,301,350,5,0.0,0.0,0.032,0.017888543819998316,0.996,0.008944271909999166,1.0,0.0,0.005142857142857143,0.008427360687858643,0.9862857142857143,0.00934595841931206,0.2414648995736345,0.019516627715131237,0.3466735483110226,0.02396802715184314,0.2892738153174111,0.04100687417538952,0.3486282947842878,0.024468516731381295
online,gaming,1,Rel,50,0.7,8,351,400,5,0.0,0.0,0.028,0.010954451150103323,0.988,0.017888543819998333,0.992,0.017888543819998333,0.0045000000000000005,0.007373940601876314,0.9865,0.00720243014544396,0.20994441364551655,0.009640153354081233,0.2661703069922985,0.028583492031575643,0.24878110744828297,0.02688286063222972,0.2673635322253278,0.028852399304116164
online,gaming,1,Rel,50,0.7,9,401,450,5,0.0,0.0,0.048,0.01095445115010332,1.0,0.0,1.0,0.0,0.004,0.006554613868334501,0.988,0.0064021601292835115,0.1653802680449785,0.005628674031576229,0.27533091145461575,0.04787684657739053,0.19273715944738617,0.014765461716491849,0.2760519497701042,0.04787133187353993
online,gaming,1,Rel,50,0.7,10,451,500,5,0.0,0.0,0.028,0.010954451150103323,0.984,0.03577708763999662,0.996,0.008944271909999166,0.0036,0.00589915248150105,0.9876,0.005176871642217918,0.14733286739783527,0.005388516157347872,0.2253092634622647,0.046816215524920726,0.17036978923695562,0.010580700317682991,0.22578023455650634,0.046840905521358764
online,gaming,3,Full TASR,50,0.7,1,1,50,5,0.06,0.09273618495495704,0.22,0.43657759905886145,0.9239999999999999,0.09316651759081691,0.996,0.008944271909999166,0.06,0.09273618495495704,0.9239999999999999,0.09316651759081691,0.7451624629643872,0.07789438858085382,0.8258983271316298,0.043197957454309904,1.0,0.0,1.0,0.0
online,gaming,3,Full TASR,50,0.7,2,51,100,5,0.004,0.00894427190999916,0.18,0.03162277660168379,0.948,0.06099180272790763,0.988,0.0268328157299975,0.032,0.0506951674225463,0.9359999999999999,0.07668115805072323,0.4757300353790759,0.017314149740090115,0.5429056349334919,0.017591135605115583,0.752917896,0.03209420160300111,0.8111244059881529,0.012716689947307304
online,gaming,3,Full TASR,50,0.7,3,101,150,5,0.0,0.0,0.1,0.019999999999999997,0.88,0.1568438714135812,0.964,0.060663003552412414,0.021333333333333333,0.03379677828169753,0.9173333333333333,0.08519259227055938,0.36353001141158586,0.013042546653669907,0.426374966942109,0.016699267383186323,0.6275344557600001,0.03681217515257939,0.7284277103318508,0.03727005446062657
online,gaming,3,Full TASR,50,0.7,4,151,200,5,0.0,0.0,0.112,0.01788854381999832,0.996,0.008944271909999166,0.996,0.008944271909999166,0.016,0.02534758371127315,0.9369999999999999,0.06486524493131895,0.27382649203181636,0.005210195567637565,0.3827559748770435,0.014774391753174774,0.5116203764640002,0.02159582701992937,0.7232174023544505,0.03573856512860175
online,gaming,3,Full TASR,50,0.7,5,201,250,5,0.0,0.0,0.112,0.04147288270665544,1.0,0.0,1.0,0.0,0.0128,0.020278066969018523,0.9496,0.051892195945055154,0.21187935399959743,0.010427295112567236,0.28572457390021005,0.0231164047703345,0.4286338660958401,0.027000695753974964,0.6174566275148927,0.04158593566452524
online,gaming,3,Full TASR,50,0.7,6,251,300,5,0.0,0.0,0.1,0.034641016151377546,1.0,0.0,1.0,0.0,0.010666666666666666,0.016898389140848766,0.958,0.04324349662087928,0.1650412680516471,0.007056101695083243,0.2440457836941592,0.011453861120889692,0.3567089953081225,0.022162821955587827,0.553817241465602,0.018952323663321304
online,gaming,3,Full TASR,50,0.7,7,301,350,5,0.0,0.0,0.08,0.014142135623730954,1.0,0.0,1.0,0.0,0.009142857142857144,0.014484333549298945,0.964,0.03706585424646801,0.1362204281532569,0.005589808948865326,0.18653990671248225,0.026336742650454333,0.3112839326416595,0.021554464042715483,0.4769223624771952,0.017530525356251592
online,gaming,3,Full TASR,50,0.7,8,351,400,5,0.0,0.0,0.08800000000000001,0.017888543819998323,0.996,0.008944271909999166,1.0,0.0,0.008,0.012673791855636576,0.9680000000000001,0.031937438845342635,0.109766921514459,0.007751943308285636,0.15553186485308282,0.03733952195215302,0.26315955749325914,0.021738923226253305,0.4101089103096817,0.027466236460047457
online,gaming,3,Full TASR,50,0.7,9,401,450,5,0.0,0.0,0.10400000000000001,0.02190890230020665,1.0,0.0,1.0,0.0,0.0071111111111111115,0.011265592760565846,0.9715555555555555,0.028388834529193427,0.08597420678705375,0.006359922637627124,0.154747493451321,0.056477014999826575,0.21606001885282897,0.012904608155983906,0.38935127313033385,0.027830353875976495
online,gaming,3,Full TASR,50,0.7,10,451,500,5,0.0,0.0,0.064,0.016733200530681513,1.0,0.0,1.0,0.0,0.0064,0.010139033484509261,0.9743999999999999,0.02554995107627412,0.07327567381517379,0.0036383752163946527,0.10289405288323708,0.016383368761798772,0.19025658308790983,0.009116241076821094,0.2833600379492183,0.020824869284602178
online,gaming,3,No Defense,50,0.7,1,1,50,5,0.5,0.056568542494923824,0.576,0.051768716422179124,0.392,0.06572670690061994,0.924,0.008944271909999116,0.5,0.056568542494923824,0.392,0.06572670690061994,0.7,0.0,0.7,0.0,1.0,0.0,1.0,0.0
online,gaming,3,No Defense,50,0.7,2,51,100,5,0.636,0.055497747702046435,0.68,0.028284271247461888,0.248,0.06418722614352484,0.852,0.038987177379235856,0.5680000000000001,0.03420526275297411,0.32,0.0374165738677394,0.7,0.0,0.7,0.0,1.0,0.0,1.0,0.0
online,gaming,3,No Defense,50,0.7,3,101,150,5,0.552,0.05215361924162119,0.644,0.047749345545253286,0.296,0.06228964600958975,0.84,0.039999999999999994,0.5626666666666666,0.02772884579078058,0.312,0.0366363511040909,0.7,0.0,0.7,0.0,1.0,0.0,1.0,0.0
online,gaming,3,No Defense,50,0.7,4,151,200,5,0.5720000000000001,0.06572670690061994,0.644,0.06228964600958974,0.388,0.06572670690061994,0.92,0.024494897427831758,0.565,0.029154759474226476,0.331,0.033429029300893566,0.7,0.0,0.7,0.0,1.0,0.0,1.0,0.0
online,gaming,3,No Defense,50,0.7,5,201,250,5,0.488,0.054037024344425165,0.604,0.074027022093287,0.34800000000000003,0.054037024344425186,0.864,0.04098780306383843,0.5496,0.026321094202179342,0.33440000000000003,0.02794279871451677,0.7,0.0,0.7,0.0,1.0,0.0,1.0,0.0
online,gaming,3,No Defense,50,0.7,6,251,300,5,0.512,0.02280350850198278,0.648,0.03633180424916993,0.364,0.026076809620810593,0.888,0.041472882706655445,0.5433333333333333,0.02415229457698243,0.3393333333333333,0.024312776705080634,0.7,0.0,0.7,0.0,1.0,0.0,1.0,0.0
online,gaming,3,No Defense,50,0.7,7,301,350,5,0.548,0.03898717737923587,0.636,0.032863353450309996,0.32,0.02449489742783178,0.876,0.032863353450309996,0.544,0.018909019551742044,0.3365714285714286,0.02141904550170436,0.7,0.0,0.7,0.0,1.0,0.0,1.0,0.0
online,gaming,3,No Defense,50,0.7,8,351,400,5,0.536,0.04560701700396551,0.624,0.026076809620810618,0.268,0.03346640106136303,0.788,0.03898717737923587,0.543,0.022178255116216877,0.328,0.02231871412066564,0.7,0.0,0.7,0.0,1.0,0.0,1.0,0.0
online,gaming,3,No Defense,50,0.7,9,401,450,5,0.536,0.06387487769068526,0.64,0.04898979485566356,0.36,0.0648074069840786,0.916,0.045607017003965515,0.5422222222222223,0.021023208809360597,0.33155555555555555,0.020330600909302544,0.7,0.0,0.7,0.0,1.0,0.0,1.0,0.0
online,gaming,3,No Defense,50,0.7,10,451,500,5,0.532,0.04381780460041328,0.596,0.06542170893518451,0.364,0.05549774770204642,0.9,0.03741657386773939,0.5412,0.020129580224137796,0.3348,0.021981810662454537,0.7,0.0,0.7,0.0,1.0,0.0,1.0,0.0
online,gaming,3,Rel,50,0.7,1,1,50,5,0.06,0.09273618495495704,0.22,0.43657759905886145,0.9239999999999999,0.09316651759081691,0.996,0.008944271909999166,0.06,0.09273618495495704,0.9239999999999999,0.09316651759081691,0.7451624629643872,0.07789438858085382,0.8258983271316298,0.043197957454309904,1.0,0.0,1.0,0.0
online,gaming,3,Rel,50,0.7,2,51,100,5,0.004,0.00894427190999916,0.18,0.0469041575982343,0.996,0.008944271909999166,1.0,0.0,0.032,0.0506951674225463,0.96,0.05099019513592784,0.5535022716588256,0.011997692112886866,0.6436273883276002,0.006986726434587483,0.7234466400000001,0.058870658535878494,0.7075957327081377,0.02275913755578257
online,gaming,3,Rel,50,0.7,3,101,150,5,0.0,0.0,0.088,0.017888543819998316,0.972,0.05215361924162119,0.988,0.0268328157299975,0.021333333333333333,0.03379677828169753,0.964,0.035777087639996624,0.4750101524168955,0.012588174677680771,0.5805450751101588,0.028340715159264965,0.6122357784000001,0.062132209319559366,0.6106318801554144,0.04001217244352354
online,gaming,3,Rel,50,0.7,4,151,200,5,0.0,0.0,0.12,0.03741657386773941,1.0,0.0,1.0,0.0,0.016,0.02534758371127315,0.973,0.02683281572999746,0.3956205814723884,0.015759189940237183,0.546359843120744,0.04021806463777229,0.49912159273200013,0.040027792768819,0.5632470576588943,0.04685406543739851
online,gaming,3,Rel,50,0.7,5,201,250,5,0.0,0.0,0.1,0.019999999999999997,0.992,0.017888543819998333,0.996,0.008944271909999166,0.0128,0.020278066969018523,0.9768,0.02007984063681783,0.3343620455932264,0.011404080942653194,0.4564651167759654,0.03552961935420647,0.41558771230560015,0.03144091539805748,0.46592869112062274,0.038408634081372246
online,gaming,3,Rel,50,0.7,6,251,300,5,0.0,0.0,0.084,0.026076809620810597,1.0,0.0,1.0,0.0,0.010666666666666666,0.016898389140848766,0.9806666666666667,0.016733200530681523,0.291989282362031,0.014728863310063105,0.40412109466249346,0.014246383224575436,0.35824514337504015,0.022798865366775233,0.4086363816581146,0.01330142101995758
online,gaming,3,Rel,50,0.7,7,301,350,5,0.0,0.0,0.112,0.02280350850198276,1.0,0.0,1.0,0.0,0.009142857142857144,0.014484333549298945,0.9834285714285714,0.014342743312012714,0.23696242522080016,0.010800613236375817,0.37230076991828165,0.052499376536276766,0.28620363191664255,0.015453461822519719,0.3747687714881249,0.05146436505715142
online,gaming,3,Rel,50,0.7,8,351,400,5,0.0,0.0,0.104,0.03847076812334269,1.0,0.0,1.0,0.0,0.008,0.012673791855636576,0.9855,0.012549900398011144,0.20257985312827814,0.01218831785964549,0.311810301819657,0.0353893192136164,0.2410889786022462,0.010898312138670868,0.31323650170793965,0.03471656448127129
online,gaming,3,Rel,50,0.7,9,401,450,5,0.0,0.0,0.132,0.03898717737923586,1.0,0.0,1.0,0.0,0.0071111111111111115,0.011265592760565846,0.987111111111111,0.011155467020454314,0.16336147171488694,0.013232612889600806,0.3172234089702069,0.056356180849290505,0.19143877153538597,0.007678945453643574,0.3179343973280205,0.056301357185775565
online,gaming,3,Rel,50,0.7,10,451,500,5,0.0,0.0,0.064,0.016733200530681513,1.0,0.0,1.0,0.0,0.0064,0.010139033484509261,0.9884,0.010039920318408915,0.143825406350933,0.007906484835208507,0.23514970300359686,0.04400500341541037,0.16753139714970558,0.005393175251249438,0.2355540685695917,0.04389671335107517
online,gis,1,Full TASR,50,0.7,1,1,50,5,0.428,0.15849290204927158,0.98,0.028284271247461926,0.56,0.15165750888103102,0.988,0.010954451150103333,0.428,0.15849290204927158,0.56,0.15165750888103102,0.9413642110061547,0.002797590720617694,0.8266574875070892,0.001522868368174219,1.0,0.0,1.0,0.0
online,gis,1,Full TASR,50,0.7,2,51,100,5,0.012,0.010954451150103323,0.112,0.01788854381999832,0.948,0.07563068160475617,0.988,0.0268328157299975,0.22,0.07810249675906654,0.754,0.09581231653602787,0.4367810051446527,0.031908847122581865,0.5875241826656628,0.018570186665345673,0.5444317800000001,0.047312953674886984,0.8777904365286759,0.020109785264568626
online,gis,1,Full TASR,50,0.7,3,101,150,5,0.0,0.0,0.04,0.01414213562373095,1.0,0.0,1.0,0.0,0.14666666666666667,0.05206833117271103,0.836,0.06387487769068526,0.32857853797556713,0.012484896681595518,0.4931609469643981,0.021969872201064104,0.4513209548400001,0.024875117734832627,0.8418816742141497,0.0446680069288619
online,gis,1,Full TASR,50,0.7,4,151,200,5,0.0,0.0,0.048,0.01095445115010332,1.0,0.0,1.0,0.0,0.11,0.03905124837953327,0.877,0.04790615826801394,0.23400978247794274,0.009278947423068238,0.44130422487962195,0.004506338646694983,0.36000661519836014,0.03097641349243908,0.7829775374404003,0.020176363285711166
online,gis,1,Full TASR,50,0.7,5,201,250,5,0.0,0.0,0.02,0.0,1.0,0.0,1.0,0.0,0.088,0.031240998703626618,0.9016,0.03832492661441114,0.19322257383032174,0.011990701535969423,0.36733659263841856,0.0190682175043271,0.31703238487652413,0.024294876856076047,0.7082322508558833,0.029592399774736173
online,gis,1,Full TASR,50,0.7,6,251,300,5,0.0,0.0,0.04,0.01414213562373095,1.0,0.0,1.0,0.0,0.07333333333333333,0.026034165586355514,0.918,0.0319374388453426,0.14664433514348185,0.005765188653544874,0.3226011863015745,0.03627664595460061,0.2577779568187925,0.030957528162642002,0.6345390751053485,0.0491355589999378
online,gis,1,Full TASR,50,0.7,7,301,350,5,0.0,0.0,0.044,0.008944271909999158,1.0,0.0,1.0,0.0,0.06285714285714286,0.02231499907401901,0.9297142857142857,0.027374947581722278,0.10901986158981512,0.007423890248739737,0.3459123467051269,0.019214299010385804,0.20422478653222975,0.022473445624020635,0.6500659701644215,0.02546312631670765
online,gis,1,Full TASR,50,0.7,8,351,400,5,0.0,0.0,0.048,0.01095445115010332,1.0,0.0,1.0,0.0,0.055,0.019525624189766635,0.9385,0.023953079134006936,0.07892364344527446,0.0053078298457184345,0.3136141687450253,0.013812309591535581,0.15888617840179542,0.019550809749616396,0.5684313550289554,0.022878036357355826
online,gis,1,Full TASR,50,0.7,9,401,450,5,0.0,0.0,0.04,0.0,1.0,0.0,1.0,0.0,0.048888888888888885,0.017356110390903675,0.9453333333333334,0.02129162589689508,0.06033119568124551,0.0038735515474445812,0.26599761654873344,0.02316693807661519,0.12869780450545432,0.015836155897189286,0.47747589116415556,0.011596424753599614
online,gis,1,Full TASR,50,0.7,10,451,500,5,0.0,0.0,0.028,0.01788854381999832,1.0,0.0,1.0,0.0,0.044,0.015620499351813309,0.9508,0.019162463307205557,0.0480087299182456,0.0035802889714236573,0.27327634741945983,0.06044531301734491,0.10915691849487699,0.01693751439334439,0.5119575976001551,0.09719279119755482
online,gis,1,No Defense,50,0.7,1,1,50,5,0.36,0.02449489742783178,0.52,0.03162277660168382,0.504,0.016733200530681527,0.912,0.033466401061363005,0.36,0.02449489742783178,0.504,0.016733200530681527,0.7,0.0,0.7,0.0,1.0,0.0,1.0,0.0
online,gis,1,No Defense,50,0.7,2,51,100,5,0.376,0.06693280212272604,0.544,0.07127411872482185,0.492,0.0867179335547152,0.9,0.031622776601683784,0.368,0.03768288736283354,0.498,0.040865633483405085,0.7,0.0,0.7,0.0,1.0,0.0,1.0,0.0
online,gis,1,No Defense,50,0.7,3,101,150,5,0.304,0.03847076812334268,0.544,0.0792464510246358,0.624,0.05176871642217911,0.988,0.017888543819998333,0.3466666666666667,0.02867441755680876,0.54,0.028674417556808728,0.7,0.0,0.7,0.0,1.0,0.0,1.0,0.0
online,gis,1,No Defense,50,0.7,4,151,200,5,0.276,0.10430723848324239,0.416,0.12198360545581523,0.568,0.10059821071967431,0.948,0.010954451150103333,0.329,0.04037325847637269,0.547,0.042219663665169084,0.7,0.0,0.7,0.0,1.0,0.0,1.0,0.0
online,gis,1,No Defense,50,0.7,5,201,250,5,0.296,0.04335896677735761,0.44,0.042426406871192854,0.536,0.03577708763999663,0.9319999999999999,0.01095445115010327,0.3224,0.035507745633875425,0.5448,0.038408332429304956,0.7,0.0,0.7,0.0,1.0,0.0,1.0,0.0
online,gis,1,No Defense,50,0.7,6,251,300,5,0.34,0.028284271247461894,0.532,0.05019960159204453,0.52,0.024494897427831803,0.88,0.0,0.3253333333333333,0.028047578623950173,0.5406666666666667,0.030677534306249445,0.7,0.0,0.7,0.0,1.0,0.0,1.0,0.0
online,gis,1,No Defense,50,0.7,7,301,350,5,0.368,0.08786353054595519,0.604,0.07668115805072327,0.5559999999999999,0.08876936408468857,0.964,0.008944271909999166,0.3314285714285714,0.03149343955006942,0.5428571428571428,0.032324881425670714,0.7,0.0,0.7,0.0,1.0,0.0,1.0,0.0
online,gis,1,No Defense,50,0.7,8,351,400,5,0.376,0.08049844718999243,0.516,0.06228964600958974,0.448,0.08555699854482976,0.932,0.026832815729997444,0.337,0.03388399327115976,0.531,0.03370830758136635,0.7,0.0,0.7,0.0,1.0,0.0,1.0,0.0
online,gis,1,No Defense,50,0.7,9,401,450,5,0.388,0.07563068160475614,0.596,0.07536577472566706,0.556,0.08049844718999243,0.968,0.010954451150103333,0.3426666666666667,0.03683128031818257,0.5337777777777778,0.03729760194853163,0.7,0.0,0.7,0.0,1.0,0.0,1.0,0.0
online,gis,1,No Defense,50,0.7,10,451,500,5,0.316,0.08414273587185052,0.536,0.053665631459994936,0.596,0.07668115805072324,0.952,0.010954451150103333,0.34,0.038026306683663094,0.54,0.03847076812334269,0.7,0.0,0.7,0.0,1.0,0.0,1.0,0.0
online,gis,1,Rel,50,0.7,1,1,50,5,0.428,0.15849290204927158,0.98,0.028284271247461926,0.56,0.15165750888103102,0.988,0.010954451150103333,0.428,0.15849290204927158,0.56,0.15165750888103102,0.9413642110061547,0.002797590720617694,0.8266574875070892,0.001522868368174219,1.0,0.0,1.0,0.0
online,gis,1,Rel,50,0.7,2,51,100,5,0.012,0.010954451150103323,0.11599999999999999,0.008944271909999154,0.988,0.010954451150103333,1.0,0.0,0.22,0.07810249675906654,0.774,0.07469939758793241,0.5170043758337064,0.025271882299255335,0.7105839540309732,0.023370940165623855,0.5432508000000001,0.026407515600677025,0.7798072080857185,0.020260829707464012
online,gis,1,Rel,50,0.7,3,101,150,5,0.0,0.0,0.04,0.01414213562373095,1.0,0.0,1.0,0.0,0.14666666666666667,0.05206833117271103,0.8493333333333334,0.04979959839195493,0.4200861784184745,0.01928975460745586,0.6562799704891035,0.03375170913985527,0.44003314800000015,0.021390087636548375,0.6985154196231614,0.028572079229396606
online,gis,1,Rel,50,0.7,4,151,200,5,0.0,0.0,0.032,0.010954451150103323,1.0,0.0,1.0,0.0,0.11,0.03905124837953327,0.887,0.03734969879396619,0.3559371608820353,0.01955902837439628,0.6179284840880949,0.0645411877809349,0.37192366944000016,0.021219894106498202,0.6424252992057199,0.06322506412999329
online,gis,1,Rel,50,0.7,5,201,250,5,0.0,0.0,0.028,0.01788854381999832,1.0,0.0,1.0,0.0,0.088,0.031240998703626618,0.9096,0.029879759035172947,0.301708151122572,0.02225190975347525,0.5376356509779836,0.08954590623363066,0.3145079529702002,0.023441981118270977,0.5495259617798572,0.08864127552129869
online,gis,1,Rel,50,0.7,6,251,300,5,0.0,0.0,0.04,0.01414213562373095,1.0,0.0,1.0,0.0,0.07333333333333333,0.026034165586355514,0.9246666666666666,0.02489979919597745,0.24503310102663484,0.017810365743748873,0.48296203037735935,0.07080418346502895,0.25475144190586213,0.018988004705799512,0.48978337522506826,0.07249169692768334
online,gis,1,Rel,50,0.7,7,301,350,5,0.0,0.0,0.036000000000000004,0.00894427190999916,1.0,0.0,1.0,0.0,0.06285714285714286,0.02231499907401901,0.9354285714285715,0.02134268502512356,0.20332716463145797,0.017154267020076334,0.5032885070442356,0.038004691248345004,0.21092402643474054,0.01833000764875907,0.5069080137940263,0.038489025565476946
online,gis,1,Rel,50,0.7,8,351,400,5,0.0,0.0,0.048,0.01095445115010332,1.0,0.0,1.0,0.0,0.055,0.019525624189766635,0.9435,0.018674849396983065,0.1580266369280101,0.00704754368299171,0.5317456458641405,0.026454681957009573,0.16343638065673247,0.007458262390713982,0.5343923375133343,0.026562323607231028
online,gis,1,Rel,50,0.7,9,401,450,5,0.0,0.0,0.048,0.01095445115010332,1.0,0.0,1.0,0.0,0.048888888888888885,0.017356110390903675,0.9497777777777778,0.016599866130651647,0.1230912451764623,0.006917176977540968,0.5291751165017602,0.018259046525847346,0.12698006146126134,0.007398919576140978,0.530923990259741,0.01879307471953693
online,gis,1,Rel,50,0.7,10,451,500,5,0.0,0.0,0.04,0.0,1.0,0.0,1.0,0.0,0.044,0.015620499351813309,0.9548,0.014939879517586492,0.09990705779729499,0.00562806907812189,0.49568915001703173,0.01738821456841508,0.10285384978362169,0.005993124856674195,0.4967652014524339,0.0174375027455077
online,gis,3,Full TASR,50,0.7,1,1,50,5,0.684,0.0753657747256671,1.0,0.0,0.312,0.07694153624668539,0.972,0.017888543819998333,0.684,0.0753657747256671,0.312,0.07694153624668539,0.877353450225462,0.011198623107361139,0.7611196441035333,0.0023176558988019513,1.0,0.0,1.0,0.0
online,gis,3,Full TASR,50,0.7,2,51,100,5,0.028,0.01788854381999832,0.248,0.017888543819998333,0.96,0.014142135623730963,0.992,0.010954451150103333,0.356,0.03847076812334267,0.636,0.042778499272414915,0.4517325580719285,0.01134883792731228,0.6162573925930378,0.013190931500443764,0.6416828683200001,0.01936546972439991,0.9027413488652475,0.01901478776594639
online,gis,3,Full TASR,50,0.7,3,101,150,5,0.0,0.0,0.132,0.010954451150103333,1.0,0.0,1.0,0.0,0.23733333333333334,0.025647178748895137,0.7573333333333333,0.028518999514943223,0.3293590317290363,0.008737669499874262,0.5104555736516934,0.006633321915690686,0.5083626084919202,0.0117484224076126,0.8540288275229406,0.02149045815793594
online,gis,3,Full TASR,50,0.7,4,151,200,5,0.0,0.0,0.136,0.02966479394838265,1.0,0.0,1.0,0.0,0.178,0.019235384061671336,0.818,0.021389249636207402,0.2374864000764646,0.0066160807868567125,0.44586264683098703,0.010017751202894526,0.3982854214338553,0.012383819567164181,0.7966848377566618,0.027446354805561558
online,gis,3,Full TASR,50,0.7,5,201,250,5,0.0,0.0,0.092,0.022803508501982758,1.0,0.0,1.0,0.0,0.1424,0.015388307249337077,0.8543999999999999,0.017111399708965965,0.18728206744482392,0.006302146324765415,0.3834603335243743,0.03400494861765888,0.3346954149612631,0.016552303636915337,0.7399742006849513,0.018058691652331208
online,gis,3,Full TASR,50,0.7,6,251,300,5,0.0,0.0,0.1,0.02828427124746191,1.0,0.0,1.0,0.0,0.11866666666666667,0.012823589374447568,0.8786666666666667,0.014259499757471619,0.14798473063924827,0.010774835927909784,0.30190224415596917,0.041057961160853904,0.27948035184443876,0.02002708467840544,0.6231261752223916,0.07278167438974499
online,gis,3,Full TASR,50,0.7,7,301,350,5,0.0,0.0,0.112,0.02280350850198276,1.0,0.0,1.0,0.0,0.10171428571428572,0.010991648035240767,0.896,0.012222428363547113,0.11148287578286362,0.007519507386127341,0.30390952566372686,0.04625182266932615,0.2260327954279925,0.015460781089452692,0.627393974809568,0.05708266377693695
online,gis,3,Full TASR,50,0.7,8,351,400,5,0.0,0.0,0.108,0.017888543819998312,1.0,0.0,1.0,0.0,0.089,0.009617692030835668,0.909,0.010694624818103744,0.08619961629474764,0.004114926338704048,0.2818402526318083,0.038609191395735834,0.18498666492439808,0.012374770125487445,0.5748745933323415,0.031004966593553607
online,gis,3,Full TASR,50,0.7,9,401,450,5,0.0,0.0,0.12,0.014142135623730954,1.0,0.0,1.0,0.0,0.07911111111111112,0.008549059582965044,0.9191111111111111,0.009506333171647724,0.06533343146491782,0.002055197682868422,0.30725621125115216,0.01950465272088556,0.14972352565649358,0.01152428004216416,0.5458434624085291,0.04938970673095313
online,gis,3,Full TASR,50,0.7,10,451,500,5,0.0,0.0,0.12,0.0,1.0,0.0,1.0,0.0,0.0712,0.007694153624668539,0.9272,0.008555699854482983,0.05073468729408458,0.0014720622057043243,0.2840321037069585,0.03316622127743736,0.12173854238150043,0.009013600310663837,0.532442079570397,0.033113822062873374
online,gis,3,No Defense,50,0.7,1,1,50,5,0.68,0.034641016151377525,0.804,0.04979959839195492,0.216,0.016733200530681502,0.772,0.048166378315169185,0.68,0.034641016151377525,0.216,0.016733200530681502,0.7,0.0,0.7,0.0,1.0,0.0,1.0,0.0
online,gis,3,No Defense,50,0.7,2,51,100,5,0.656,0.04560701700396552,0.828,0.05403702434442519,0.272,0.038987177379235856,0.7799999999999999,0.05656854249492379,0.668,0.034928498393145935,0.244,0.026076809620810607,0.7,0.0,0.7,0.0,1.0,0.0,1.0,0.0
online,gis,3,No Defense,50,0.7,3,101,150,5,0.62,0.04690415759823434,0.828,0.017888543819998288,0.328,0.04147288270665543,0.904,0.029664793948382645,0.652,0.031055505863605646,0.272,0.0196638416050035,0.7,0.0,0.7,0.0,1.0,0.0,1.0,0.0
online,gis,3,No Defense,50,0.7,4,151,200,5,0.62,0.08366600265340755,0.78,0.0565685424949238,0.26,0.07615773105863909,0.836,0.021908902300206617,0.644,0.033241540277189355,0.269,0.029453352950046283,0.7,0.0,0.7,0.0,1.0,0.0,1.0,0.0
online,gis,3,No Defense,50,0.7,5,201,250,5,0.532,0.05761944116355174,0.708,0.036331804249169874,0.316,0.04560701700396552,0.776,0.021908902300206666,0.6216,0.02947541348310489,0.27840000000000004,0.027217641337926403,0.7,0.0,0.7,0.0,1.0,0.0,1.0,0.0
online,gis,3,No Defense,50,0.7,6,251,300,5,0.612,0.02280350850198278,0.796,0.026076809620810566,0.26,0.03162277660168379,0.796,0.03286335345030994,0.62,0.024944382578492942,0.2753333333333333,0.02501110864307209,0.7,0.0,0.7,0.0,1.0,0.0,1.0,0.0
online,gis,3,No Defense,50,0.7,7,301,350,5,0.688,0.030331501776206176,0.868,0.04604345773288535,0.256,0.03286335345030997,0.844,0.06542170893518452,0.6297142857142857,0.02066249683630234,0.2725714285714286,0.02006113106461939,0.7,0.0,0.7,0.0,1.0,0.0,1.0,0.0
online,gis,3,No Defense,50,0.7,8,351,400,5,0.72,0.058309518948453,0.832,0.041472882706655424,0.164,0.05549774770204643,0.764,0.032863353450309996,0.641,0.019890324280916093,0.259,0.020736441353327716,0.7,0.0,0.7,0.0,1.0,0.0,1.0,0.0
online,gis,3,No Defense,50,0.7,9,401,450,5,0.736,0.016733200530681527,0.86,0.042426406871192854,0.212,0.010954451150103317,0.848,0.017888543819998333,0.6515555555555556,0.019334610430361065,0.25377777777777777,0.018882351809998227,0.7,0.0,0.7,0.0,1.0,0.0,1.0,0.0
online,gis,3,No Defense,50,0.7,10,451,500,5,0.64,0.07615773105863909,0.844,0.04774934554525329,0.28,0.07615773105863909,0.888,0.010954451150103333,0.6504,0.0194627850011246,0.2564,0.020415680248279763,0.7,0.0,0.7,0.0,1.0,0.0,1.0,0.0
online,gis,3,Rel,50,0.7,1,1,50,5,0.684,0.0753657747256671,1.0,0.0,0.312,0.07694153624668539,0.972,0.017888543819998333,0.684,0.0753657747256671,0.312,0.07694153624668539,0.877353450225462,0.011198623107361139,0.7611196441035333,0.0023176558988019513,1.0,0.0,1.0,0.0
online,gis,3,Rel,50,0.7,2,51,100,5,0.04,0.03162277660168379,0.32,0.020000000000000018,0.96,0.031622776601683784,1.0,0.0,0.362,0.04494441010848846,0.636,0.04505552130427523,0.5263583074547886,0.009238599283639314,0.7256034952111706,0.017128047797327798,0.5902271504077538,0.015580877855329071,0.8285830777487371,0.023368247674025257
online,gis,3,Rel,50,0.7,3,101,150,5,0.0,0.0,0.092,0.022803508501982758,1.0,0.0,1.0,0.0,0.24133333333333332,0.029962940072325646,0.7573333333333333,0.03003701420285016,0.43892166207639793,0.01693956024132759,0.6030772422579609,0.08357088945314554,0.48788904302661035,0.025349317831700538,0.6596764038417725,0.08619218933886356
online,gis,3,Rel,50,0.7,4,151,200,5,0.0,0.0,0.116,0.016733200530681513,0.996,0.008944271909999166,1.0,0.0,0.181,0.02247220505424423,0.817,0.02196588263648877,0.36054153470311656,0.01415586220673565,0.5647718696094927,0.0262480492192946,0.3977729281115544,0.018773268515251528,0.5949430476156966,0.028273804127518405
online,gis,3,Rel,50,0.7,5,201,250,5,0.0,0.0,0.104,0.026076809620810593,1.0,0.0,1.0,0.0,0.1448,0.017977764043395378,0.8536,0.017572706109191052,0.2999761016495437,0.005784691762017503,0.5697766511090053,0.0695266895040065,0.3285141251049711,0.010835212039323262,0.5873476478661847,0.06548039866159278
online,gis,3,Rel,50,0.7,6,251,300,5,0.0,0.0,0.10400000000000001,0.026076809620810597,1.0,0.0,1.0,0.0,0.12066666666666666,0.014981470036162823,0.878,0.014643921757659181,0.2480270355424037,0.008967791426617825,0.4981864657142743,0.06527310537473131,0.27021970446854576,0.009969364543204942,0.5094744365161342,0.06289081347776931
online,gis,3,Rel,50,0.7,7,301,350,5,0.0,0.0,0.124,0.016733200530681516,1.0,0.0,1.0,0.0,0.10342857142857143,0.012841260030996707,0.8954285714285715,0.012551932935136427,0.1991843792033396,0.006783065834722734,0.5174189752282977,0.06814025655155118,0.21586708657027096,0.007846283922902686,0.5229971618732534,0.06763059143718436
online,gis,3,Rel,50,0.7,8,351,400,5,0.0,0.0,0.112,0.01788854381999832,1.0,0.0,1.0,0.0,0.0905,0.011236102527122115,0.9085,0.010982941318244392,0.1611255228197259,0.004206251889088312,0.49829938329887424,0.018253506934209227,0.17349719763305363,0.0062104975426213295,0.5021511456059822,0.017488432354159103
online,gis,3,Rel,50,0.7,9,401,450,5,0.0,0.0,0.112,0.030331501776206207,1.0,0.0,1.0,0.0,0.08044444444444444,0.009987646690775216,0.9186666666666666,0.009762614505106109,0.1313490099883613,0.007634679678240078,0.4648333236640274,0.08614903569045916,0.14055496632503967,0.008861459164055719,0.4672290709313433,0.0864728796772569
online,gis,3,Rel,50,0.7,10,451,500,5,0.0,0.0,0.10400000000000001,0.02190890230020665,1.0,0.0,1.0,0.0,0.0724,0.008988882021697689,0.9268000000000001,0.008786353054595526,0.1099276790876501,0.008187653484689668,0.4182190894220468,0.09215796500218738,0.11712320671941039,0.0087512938224895,0.4195793819529012,0.0925991690312946
online,physics,1,Full TASR,50,0.7,1,1,50,5,0.548,0.11099549540409284,1.0,0.0,0.452,0.1109954954040929,1.0,0.0,0.548,0.11099549540409284,0.452,0.1109954954040929,0.9433373191487314,0.0,0.9433373191487314,0.0,1.0,0.0,1.0,0.0
online,physics,1,Full TASR,50,0.7,2,51,100,5,0.02,0.0,0.108,0.010954451150103317,0.98,0.0,1.0,0.0,0.284,0.05549774770204642,0.716,0.05549774770204644,0.40474497618116934,0.012503886080534632,0.7355412665701296,0.0698221073216953,0.5668704000000002,0.03234246929812256,0.9843349549203836,0.02353185196960731
online,physics,1,Full TASR,50,0.7,3,101,150,5,0.0,0.0,0.036000000000000004,0.00894427190999916,0.996,0.008944271909999166,1.0,0.0,0.18933333333333333,0.03699849846803096,0.8093333333333333,0.03788872596902087,0.309857680518467,0.018723850149042594,0.5098049353173508,0.062460684529012045,0.4697938440000001,0.04194682362559327,0.9412502864000001,0.025627678843679263
online,physics,1,Full TASR,50,0.7,4,151,200,5,0.0,0.0,0.052,0.01788854381999832,1.0,0.0,1.0,0.0,0.142,0.02774887385102321,0.857,0.02841654447676567,0.21180884367052885,0.010756563084906938,0.5350220995884243,0.06964650562397011,0.35170031991420014,0.05015442165820942,1.0,0.0
online,physics,1,Full TASR,50,0.7,5,201,250,5,0.0,0.0,0.048,0.01095445115010332,1.0,0.0,1.0,0.0,0.11359999999999999,0.02219909908081857,0.8856,0.022733235581412537,0.1515658385560929,0.0058508865911834325,0.513796459747886,0.06423902495843817,0.27351731555204417,0.04281220791166002,0.9836,0.02245662485771177
online,physics,1,Full TASR,50,0.7,6,251,300,5,0.0,0.0,0.032,0.010954451150103323,1.0,0.0,1.0,0.0,0.09466666666666666,0.01849924923401548,0.9046666666666666,0.018944362984510434,0.11668174258114135,0.004716977987160113,0.41585543570496886,0.03417188155537745,0.22663275725381377,0.03772962953807114,0.9620377888,0.022180872964958655
online,physics,1,Full TASR,50,0.7,7,301,350,5,0.0,0.0,0.06,0.01414213562373095,1.0,0.0,1.0,0.0,0.08114285714285714,0.015856499343441837,0.9182857142857143,0.01623802541529465,0.07683365927885642,0.005538720416723336,0.4149274162768761,0.06705708062206883,0.16180942893092054,0.02685303233268253,0.9745440000000001,0.014230336608808644
online,physics,1,Full TASR,50,0.7,8,351,400,5,0.0,0.0,0.044,0.008944271909999158,1.0,0.0,1.0,0.0,0.071,0.013874436925511605,0.9285,0.014208272238382808,0.057288867005841196,0.0029998429486890036,0.40976108262489014,0.08667772701491552,0.12863410434223427,0.023671666618936955,0.9754,0.02245662485771177
online,physics,1,Full TASR,50,0.7,9,401,450,5,0.0,0.0,0.048,0.01095445115010332,1.0,0.0,1.0,0.0,0.06311111111111112,0.012332832822676984,0.9364444444444444,0.012629575323006943,0.04233345139358469,0.0035959708092072463,0.43619956108028024,0.09263503840981537,0.1008257080317418,0.023567057057347587,1.0,0.0
online,physics,1,Full TASR,50,0.7,10,451,500,5,0.0,0.0,0.04,0.01414213562373095,1.0,0.0,1.0,0.0,0.056799999999999996,0.011099549540409285,0.9428,0.011366617790706215,0.032430571569357115,0.0033055673482744507,0.45972923791958864,0.11137752400690736,0.07969928170134365,0.01735038928478648,1.0,0.0
online,physics,1,No Defense,50,0.7,1,1,50,5,0.508,0.10825894882179486,0.868,0.010954451150103333,0.348,0.10449880382090504,0.904,0.016733200530681527,0.508,0.10825894882179486,0.348,0.10449880382090504,0.7,0.0,0.7,0.0,1.0,0.0,1.0,0.0
online,physics,1,No Defense,50,0.7,2,51,100,5,0.52,0.06324555320336758,0.888,0.03633180424916993,0.384,0.06387487769068526,0.876,0.016733200530681527,0.514,0.08264381404557754,0.366,0.08264381404557752,0.7,0.0,0.7,0.0,1.0,0.0,1.0,0.0
online,physics,1,No Defense,50,0.7,3,101,150,5,0.436,0.038470768123342686,0.8119999999999999,0.05215361924162119,0.376,0.026076809620810597,0.84,0.014142135623730963,0.488,0.0540370243444252,0.36933333333333335,0.05529717694220725,0.7,0.0,0.7,0.0,1.0,0.0,1.0,0.0
online,physics,1,No Defense,50,0.7,4,151,200,5,0.472,0.07823042886243177,0.792,0.04147288270665543,0.296,0.06228964600958974,0.788,0.026832815729997468,0.484,0.047880058479496466,0.351,0.04801041553663121,0.7,0.0,0.7,0.0,1.0,0.0,1.0,0.0
online,physics,1,No Defense,50,0.7,5,201,250,5,0.544,0.04560701700396553,0.836,0.0384707681233427,0.34,0.05830951894845301,0.98,0.014142135623730963,0.496,0.03655133376499414,0.3488,0.033394610343586886,0.7,0.0,0.7,0.0,1.0,0.0,1.0,0.0
online,physics,1,No Defense,50,0.7,6,251,300,5,0.532,0.05585696017507577,0.848,0.0521536192416212,0.324,0.05549774770204642,0.912,0.010954451150103333,0.502,0.028635642126552684,0.3446666666666667,0.026310116347561505,0.7,0.0,0.7,0.0,1.0,0.0,1.0,0.0
online,physics,1,No Defense,50,0.7,7,301,350,5,0.556,0.08049844718999243,0.844,0.029664793948382638,0.296,0.09099450532861861,0.872,0.03346640106136305,0.5097142857142857,0.02661900502594769,0.3377142857142857,0.024193100720018894,0.7,0.0,0.7,0.0,1.0,0.0,1.0,0.0
online,physics,1,No Defense,50,0.7,8,351,400,5,0.552,0.07563068160475615,0.916,0.021908902300206635,0.356,0.06228964600958974,0.888,0.017888543819998333,0.515,0.021139418156609725,0.33999999999999997,0.018027756377319935,0.7,0.0,0.7,0.0,1.0,0.0,1.0,0.0
online,physics,1,No Defense,50,0.7,9,401,450,5,0.5720000000000001,0.07949842765740718,0.876,0.035777087639996666,0.32,0.07745966692414834,0.892,0.017888543819998333,0.5213333333333333,0.023861741680970886,0.3377777777777778,0.0208462922658819,0.7,0.0,0.7,0.0,1.0,0.0,1.0,0.0
online,physics,1,No Defense,50,0.7,10,451,500,5,0.488,0.04147288270665546,0.868,0.03346640106136305,0.392,0.0593295878967653,0.912,0.033466401061363005,0.518,0.024899799195977488,0.3432,0.02278596058980178,0.7,0.0,0.7,0.0,1.0,0.0,1.0,0.0
online,physics,1,Rel,50,0.7,1,1,50,5,0.548,0.11099549540409284,1.0,0.0,0.452,0.1109954954040929,1.0,0.0,0.548,0.11099549540409284,0.452,0.1109954954040929,0.9433373191487314,0.0,0.9433373191487314,0.0,1.0,0.0,1.0,0.0
online,physics,1,Rel,50,0.7,2,51,100,5,0.02,0.0,0.14,0.0,0.98,0.0,1.0,0.0,0.284,0.05549774770204642,0.716,0.05549774770204644,0.45683543792656006,0.0,0.9892978019958243,0.0,0.47829690000000014,0.0,1.0,0.0
online,physics,1,Rel,50,0.7,3,101,150,5,0.0,0.0,0.04,0.0,1.0,0.0,1.0,0.0,0.18933333333333333,0.03699849846803096,0.8106666666666666,0.03699849846803096,0.37115783738025776,0.0,0.9491416224621146,0.035382391515152926,0.38742048900000015,0.0,0.951064088288,0.03545405778382791
online,physics,1,Rel,50,0.7,4,151,200,5,0.0,0.0,0.052,0.017888543819998316,1.0,0.0,1.0,0.0,0.142,0.02774887385102321,0.858,0.027748873851023242,0.27765928839934306,0.01332031849000525,0.9951286445860198,0.010038973141143295,0.28870574840280017,0.014034036498339397,0.99550872,0.010042807385985226
online,physics,1,Rel,50,0.7,5,201,250,5,0.0,0.0,0.036,0.01673320053068151,1.0,0.0,1.0,0.0,0.11359999999999999,0.02219909908081857,0.8864,0.022199099080818595,0.22548108340685183,0.010826742136121977,0.9835290717748981,0.022455005491564078,0.23385165620626813,0.011367569563654915,0.9836,0.02245662485771177
online,physics,1,Rel,50,0.7,6,251,300,5,0.0,0.0,0.028,0.010954451150103323,1.0,0.0,1.0,0.0,0.09466666666666666,0.01849924923401548,0.9053333333333333,0.018499249234015486,0.19094604392305614,0.010775199559659528,0.948662656658623,0.005771448970621351,0.19765548681086315,0.01127712174385152,0.9486755776000001,0.005771527578705381
online,physics,1,Rel,50,0.7,7,301,350,5,0.0,0.0,0.064,0.008944271909999161,1.0,0.0,1.0,0.0,0.08114285714285714,0.015856499343441837,0.9188571428571428,0.01585649934344183,0.1339031257882298,0.006442109514482578,0.968177509374638,0.0,0.13808706447323926,0.006712436151642592,0.96818,0.0
online,physics,1,Rel,50,0.7,8,351,400,5,0.0,0.0,0.044,0.008944271909999158,1.0,0.0,1.0,0.0,0.071,0.013874436925511605,0.929,0.013874436925511602,0.10634017352658384,0.0,0.9671995300577948,0.018335748506538102,0.10941898913151243,0.0,0.9672000000000001,0.01833575741549824
online,physics,1,Rel,50,0.7,9,401,450,5,0.0,0.0,0.052,0.01095445115010332,1.0,0.0,1.0,0.0,0.06311111111111112,0.012332832822676984,0.9368888888888889,0.012332832822676972,0.08115989521355704,0.004688943858817785,0.9974188028661737,0.005771527049048229,0.08331161832473358,0.004854431133906101,0.9974188944,0.005771527578705331
online,physics,1,Rel,50,0.7,10,451,500,5,0.0,0.0,0.044,0.008944271909999158,1.0,0.0,1.0,0.0,0.056799999999999996,0.011099549540409285,0.9431999999999999,0.011099549540409257,0.06446191326057997,0.0031081489385603365,0.9999999826667545,0.0,0.0660466148676505,0.0032105374027785794,1.0,0.0
online,physics,3,Full TASR,50,0.7,1,1,50,5,0.848,0.16284962388657825,1.0,0.0,0.152,0.16284962388657825,0.616,0.489979591411724,0.848,0.16284962388657825,0.152,0.16284962388657825,0.8985618918380771,0.03849366927769497,0.7948944498399962,0.06268847852833753,1.0,0.0,1.0,0.0
online,physics,3,Full TASR,50,0.7,2,51,100,5,0.08,0.08485281374238571,0.316,0.047749345545253286,0.904,0.11523888232710347,0.968,0.04604345773288535,0.46399999999999997,0.11886967653695367,0.528,0.13103434664239755,0.4256942566268214,0.004607016360806374,0.6634604869673711,0.0639188027113779,0.6008158866782448,0.03741518371031748,0.9904384980584072,0.014239042012779752
online,physics,3,Full TASR,50,0.7,3,101,150,5,0.0,0.0,0.112,0.010954451150103317,0.984,0.026076809620810618,0.992,0.017888543819998333,0.30933333333333335,0.0792464510246358,0.6799999999999999,0.09357112565078798,0.3261779797433662,0.009581722504586953,0.46769848036566597,0.04447453622227984,0.49253762781793836,0.03803293379526663,0.9268670624,0.0479786031319924
online,physics,3,Full TASR,50,0.7,4,151,200,5,0.0,0.0,0.136,0.016733200530681516,0.996,0.008944271909999166,1.0,0.0,0.23199999999999998,0.059434838268476835,0.759,0.07188532534530256,0.2298838274214689,0.005694446859902342,0.5117741054739128,0.1012914520790615,0.3766386937401811,0.03245294260727852,0.9886230446512378,0.016143322622179792
online,physics,3,Full TASR,50,0.7,5,201,250,5,0.0,0.0,0.14,0.014142135623730954,1.0,0.0,1.0,0.0,0.1856,0.047547870614781475,0.8072,0.057508260276242056,0.16567036125463205,0.006241942588329603,0.4765341697606673,0.12913797546249817,0.2931746025104713,0.030856502049160586,0.9754,0.02245662485771177
online,physics,3,Full TASR,50,0.7,6,251,300,5,0.0,0.0,0.116,0.02190890230020665,1.0,0.0,1.0,0.0,0.15466666666666667,0.0396232255123179,0.8393333333333334,0.0479235502302017,0.1255880819194886,0.008206490141393685,0.39090108132211615,0.08758658907052475,0.2378617034708328,0.034659593969534795,0.9590000000000001,0.0
online,physics,3,Full TASR,50,0.7,7,301,350,5,0.0,0.0,0.17200000000000001,0.030331501776206197,1.0,0.0,1.0,0.0,0.13257142857142856,0.033962764724843914,0.8622857142857143,0.04107732876874432,0.08570714878249437,0.002834424890654134,0.37594741969435325,0.07421686157849772,0.17439523407179755,0.024253936810929706,0.9796465480195754,0.015858780611034295
online,physics,3,Full TASR,50,0.7,8,351,400,5,0.0,0.0,0.152,0.02683281572999747,1.0,0.0,1.0,0.0,0.11599999999999999,0.029717419134238417,0.8795,0.035942662672651296,0.061930782384509504,0.003941734686531227,0.38211284482582064,0.08188962742011607,0.13204316378759678,0.022756620249852342,0.9836,0.02245662485771177
online,physics,3,Full TASR,50,0.7,9,401,450,5,0.0,0.0,0.136,0.008944271909999166,1.0,0.0,1.0,0.0,0.10311111111111111,0.0264154836748786,0.8928888888888888,0.031949033486801136,0.04569519612327642,0.0017499798696762145,0.39630080247721516,0.08712918388235394,0.10220331911476299,0.01671121257416046,1.0,0.0
online,physics,3,Full TASR,50,0.7,10,451,500,5,0.0,0.0,0.136,0.016733200530681516,1.0,0.0,1.0,0.0,0.0928,0.023773935307390737,0.9036000000000001,0.028754130138121052,0.03407924411989869,0.001579432709111705,0.4086752572738084,0.1167699345043723,0.0792915179825281,0.013322670141782162,1.0,0.0
online,physics,3,No Defense,50,0.7,1,1,50,5,0.736,0.07797435475847173,0.944,0.016733200530681485,0.156,0.04979959839195493,0.6,0.031622776601683784,0.736,0.07797435475847173,0.156,0.04979959839195493,0.7,0.0,0.7,0.0,1.0,0.0,1.0,0.0
online,physics,3,No Defense,50,0.7,2,51,100,5,0.812,0.038987177379235835,0.964,0.016733200530681527,0.132,0.033466401061363026,0.632,0.04147288270665548,0.774,0.032863353450309954,0.14400000000000002,0.016733200530681513,0.7,0.0,0.7,0.0,1.0,0.0,1.0,0.0
online,physics,3,No Defense,50,0.7,3,101,150,5,0.68,0.03162277660168377,0.892,0.017888543819998333,0.168,0.038987177379235856,0.5880000000000001,0.05761944116355173,0.7426666666666667,0.027325202042558925,0.152,0.023285665595430643,0.7,0.0,0.7,0.0,1.0,0.0,1.0,0.0
online,physics,3,No Defense,50,0.7,4,151,200,5,0.704,0.03847076812334267,0.912,0.022803508501982747,0.128,0.02683281572999748,0.52,0.05830951894845301,0.733,0.026598872156540797,0.146,0.02103568396796263,0.7,0.0,0.7,0.0,1.0,0.0,1.0,0.0
online,physics,3,No Defense,50,0.7,5,201,250,5,0.764,0.032863353450309996,0.94,0.019999999999999962,0.156,0.026076809620810593,0.684,0.05366563145999496,0.7392,0.023562682360037047,0.148,0.019798989873223333,0.7,0.0,0.7,0.0,1.0,0.0,1.0,0.0
online,physics,3,No Defense,50,0.7,6,251,300,5,0.772,0.05403702434442516,0.96,0.020000000000000018,0.132,0.054037024344425186,0.616,0.07924645102463578,0.7446666666666667,0.026520432374554752,0.14533333333333331,0.02444949442785633,0.7,0.0,0.7,0.0,1.0,0.0,1.0,0.0
online,physics,3,No Defense,50,0.7,7,301,350,5,0.796,0.04774934554525328,0.932,0.030331501776206176,0.096,0.045607017003965515,0.54,0.031622776601683784,0.752,0.02582515780223241,0.1382857142857143,0.024544836108473748,0.7,0.0,0.7,0.0,1.0,0.0,1.0,0.0
online,physics,3,No Defense,50,0.7,8,351,400,5,0.788,0.041472882706655424,0.984,0.016733200530681527,0.156,0.05176871642217914,0.604,0.04335896677735761,0.7565,0.019890324280916066,0.1405,0.021462176031334754,0.7,0.0,0.7,0.0,1.0,0.0,1.0,0.0
online,physics,3,No Defense,50,0.7,9,401,450,5,0.788,0.030331501776206183,0.928,0.022803508501982726,0.128,0.026832815729997482,0.604,0.07127411872482187,0.76,0.017847087115787787,0.1391111111111111,0.02028196303840824,0.7,0.0,0.7,0.0,1.0,0.0,1.0,0.0
online,physics,3,No Defense,50,0.7,10,451,500,5,0.72,0.024494897427831803,0.952,0.010954451150103333,0.196,0.026076809620810597,0.596,0.05366563145999494,0.756,0.017720045146669364,0.1448,0.018686893802876928,0.7,0.0,0.7,0.0,1.0,0.0,1.0,0.0
online,physics,3,Rel,50,0.7,1,1,50,5,0.848,0.16284962388657825,1.0,0.0,0.152,0.16284962388657825,0.616,0.489979591411724,0.848,0.16284962388657825,0.152,0.16284962388657825,0.8985618918380771,0.03849366927769497,0.7948944498399962,0.06268847852833753,1.0,0.0,1.0,0.0
online,physics,3,Rel,50,0.7,2,51,100,5,0.1,0.10099504938362078,0.384,0.03286335345030997,0.9,0.10099504938362075,0.956,0.0606630035524124,0.474,0.12817956155331472,0.526,0.12817956155331472,0.46715137180740596,0.004209079505393116,0.9507634410360027,0.01789210140991298,0.5092139143172753,0.019564828437155058,1.0,0.0
online,physics,3,Rel,50,0.7,3,101,150,5,0.0,0.0,0.1,0.014142135623730947,1.0,0.0,1.0,0.0,0.316,0.08545304103554316,0.6839999999999999,0.08545304103554313,0.3913208574276327,0.011778503281094713,0.9393175056412967,0.03287611344547859,0.4246574218771298,0.020219621154767345,0.948138648,0.03486378547805042
online,physics,3,Rel,50,0.7,4,151,200,5,0.0,0.0,0.128,0.02280350850198276,1.0,0.0,1.0,0.0,0.237,0.06408978077665736,0.763,0.06408978077665739,0.3017092794755869,0.004354963513542205,0.9913722503413266,0.015095752714359286,0.3254315662467116,0.010321911299738034,0.9931143246512378,0.015396838150826726
online,physics,3,Rel,50,0.7,5,201,250,5,0.0,0.0,0.14,0.014142135623730954,1.0,0.0,1.0,0.0,0.1896,0.05127182462132589,0.8104,0.05127182462132588,0.23406338382122133,0.005916659105686323,0.9832743162247998,0.02245688935206629,0.25028235941479604,0.00546975791716406,0.9836,0.02245662485771177
online,physics,3,Rel,50,0.7,6,251,300,5,0.0,0.0,0.12,0.014142135623730954,1.0,0.0,1.0,0.0,0.158,0.04272652051777158,0.842,0.042726520517771566,0.19052202590513914,0.005322967100684241,0.9675962813134168,0.018522394357953408,0.202817810925181,0.005869106672089156,0.9676566832000001,0.018509865928407906
online,physics,3,Rel,50,0.7,7,301,350,5,0.0,0.0,0.168,0.01788854381999831,1.0,0.0,1.0,0.0,0.13542857142857143,0.036622731872375636,0.8645714285714285,0.03662273187237562,0.14066189361672435,0.0027476340334031185,0.9680187623403995,0.022765183854083246,0.1488098739308625,0.00413701783899306,0.9680302482525664,0.022765787476773876
online,physics,3,Rel,50,0.7,8,351,400,5,0.0,0.0,0.136,0.026076809620810593,1.0,0.0,1.0,0.0,0.1185,0.03204489038832868,0.8815,0.03204489038832869,0.10902180243068585,0.004097930200509386,0.9753978252938962,0.022456248866765272,0.11474225562856967,0.0043350416316254945,0.9754,0.02245662485771177
online,physics,3,Rel,50,0.7,9,401,450,5,0.0,0.0,0.11599999999999999,0.008944271909999154,1.0,0.0,1.0,0.0,0.10533333333333333,0.02848434701184772,0.8946666666666667,0.028484347011847704,0.08557750061658881,0.0028398029776188763,0.9999995777995052,1.5342367998882802e-07,0.0897149426213723,0.003684242188839048,1.0,0.0
online,physics,3,Rel,50,0.7,10,451,500,5,0.0,0.0,0.124,0.016733200530681516,1.0,0.0,1.0,0.0,0.0948,0.025635912310662944,0.9052,0.025635912310662968,0.06814339340256269,0.003470160913071656,0.9999999202566271,2.897799007358311e-08,0.07117314767018319,0.00397604880367201,1.0,0.0
warmup_sweep,gaming,1,Full TASR,0,0.7,1,1,50,5,0.012,0.010954451150103323,0.068,0.02280350850198276,0.86,0.06164414002968973,0.976,0.021908902300206666,0.012,0.010954451150103323,0.86,0.06164414002968973,0.4508516850903618,0.04088468561212314,0.5214072643399411,0.012878927830871422,0.7335360000000001,0.05473826339956353,0.8349008113102443,0.03286871283239023
warmup_sweep,gaming,1,Full TASR,0,0.7,2,51,100,5,0.0,0.0,0.04,0.01414213562373095,0.968,0.05215361924162119,0.992,0.010954451150103333,0.006,0.005477225575051661,0.914,0.04827007354458869,0.3464058472548156,0.02257628047944851,0.42518091082577475,0.024753918345462523,0.6094119240000001,0.04822637599893737,0.7640236697897741,0.027136464254622444
warmup_sweep,gaming,1,Full TASR,0,0.7,3,101,150,5,0.008,0.010954451150103323,0.04,0.024494897427831782,0.86,0.206881608655772,0.948,0.07429670248402685,0.006666666666666667,0.0047140452079103175,0.896,0.09563820714895625,0.2673147766045424,0.01629437253277967,0.32814994866169184,0.01235224212409231,0.5078930193511201,0.05877704475130926,0.6796639333805059,0.016259160926017407
warmup_sweep,gaming,1,Full TASR,0,0.7,4,151,200,5,0.0,0.0,0.028,0.01788854381999832,1.0,0.0,1.0,0.0,0.005,0.0035355339059327377,0.922,0.07172865536171716,0.2087970960754769,0.011762990378288714,0.2950122094674902,0.01702510872229618,0.4186486466560081,0.031461528901209186,0.6266035840646906,0.03572650719587958
warmup_sweep,gaming,1,Full TASR,0,0.7,5,201,250,5,0.0,0.0,0.032,0.010954451150103323,1.0,0.0,1.0,0.0,0.004,0.00282842712474619,0.9376,0.05738292428937375,0.16601989445075804,0.008752210097145736,0.2233193783099412,0.013395277083386255,0.3546022233513666,0.03834825897987415,0.5535287345481882,0.045673600615609836
warmup_sweep,gaming,1,Full TASR,0,0.7,6,251,300,5,0.0,0.0,0.04,0.01414213562373095,1.0,0.0,1.0,0.0,0.0033333333333333335,0.0023570226039551587,0.948,0.047819103574478126,0.13014009213611893,0.002171416897540552,0.181417044163561,0.01250320974590996,0.29377215771455395,0.022992011369149225,0.47580024270763505,0.046015068874283714
warmup_sweep,gaming,1,Full TASR,0,0.7,7,301,350,5,0.0,0.0,0.028,0.01788854381999832,0.98,0.04472135954999579,0.996,0.008944271909999166,0.002857142857142857,0.0020203050891044213,0.9525714285714286,0.039310381865977594,0.10607814015037519,0.007498710158672421,0.14555811363018203,0.004339598011397007,0.248364241452437,0.02233964423920477,0.406577394797012,0.04205488783506409
warmup_sweep,gaming,1,Full TASR,0,0.7,8,351,400,5,0.0,0.0,0.028,0.01788854381999832,1.0,0.0,1.0,0.0,0.0025,0.0017677669529663688,0.9585,0.034396584132730404,0.08798538271866116,0.006311698703882716,0.1178302857871014,0.007189526581838652,0.2145350823701712,0.021699371636318538,0.3386081544365747,0.03267830429266418
warmup_sweep,gaming,1,Full TASR,0,0.7,9,401,450,5,0.0,0.0,0.036,0.01673320053068151,1.0,0.0,1.0,0.0,0.0022222222222222222,0.0015713484026367722,0.9631111111111111,0.030574741451315897,0.0711904741886389,0.004104049927827723,0.11868782488882766,0.01296662829100993,0.18211745956684983,0.02003439072650381,0.34638038130136556,0.045801782743718815
warmup_sweep,gaming,1,Full TASR,0,0.7,10,451,500,5,0.0,0.0,0.028,0.010954451150103323,1.0,0.0,1.0,0.0,0.002,0.001414213562373095,0.9668,0.02751726730618429,0.058926332687359397,0.0024999714202524545,0.09363590367259668,0.018519052886773902,0.15686423689252785,0.014013323152448997,0.2765734343384513,0.054317706655591616
warmup_sweep,gaming,1,Full TASR,25,0.7,1,1,50,5,0.028,0.030331501776206204,0.16,0.21400934559032697,0.888,0.07563068160475614,0.968,0.04381780460041327,0.028,0.030331501776206204,0.888,0.07563068160475614,0.5115959820299483,0.009049085328624466,0.6098259203393066,0.030314127117578263,0.7970400000000001,0.038676969891655144,0.8653766248970299,0.02953672033864742
warmup_sweep,gaming,1,Full TASR,25,0.7,2,51,100,5,0.0,0.0,0.032,0.010954451150103323,0.952,0.054037024344425186,0.976,0.04335896677735759,0.014,0.015165750888103102,0.92,0.046904157598234276,0.3962295914329207,0.0315084478416586,0.477268605727018,0.028317299151666035,0.6750540000000002,0.06220040578645764,0.7860804120377277,0.03217946259101318
warmup_sweep,gaming,1,Full TASR,25,0.7,3,101,150,5,0.0,0.0,0.028,0.010954451150103323,0.936,0.08294576541331086,0.988,0.017888543819998333,0.009333333333333334,0.010110500592068734,0.9253333333333333,0.017888543819998333,0.3170918210058015,0.004349321058014694,0.3682358633231215,0.028128443079477605,0.5810421600000002,0.028195511051016597,0.6959982744436013,0.04233844962354016
warmup_sweep,gaming,1,Full TASR,25,0.7,4,151,200,5,0.0,0.0,0.032,0.010954451150103323,1.0,0.0,1.0,0.0,0.007,0.007582875444051551,0.9440000000000001,0.013416407864998694,0.23316925911611525,0.0029269210275401137,0.33472421602809815,0.0326295996196768,0.4706441496000001,0.022838363951323427,0.6821827672869647,0.050762657157895213
warmup_sweep,gaming,1,Full TASR,25,0.7,5,201,250,5,0.0,0.0,0.028,0.010954451150103323,1.0,0.0,1.0,0.0,0.0056,0.00606630035524124,0.9551999999999999,0.010733126291999,0.1916546140405968,0.010755495550448616,0.24605513992309275,0.018340448258122723,0.40618885935600013,0.02238760596134939,0.5897037841615395,0.00873937821649689
warmup_sweep,gaming,1,Full TASR,25,0.7,6,251,300,5,0.0,0.0,0.036000000000000004,0.00894427190999916,1.0,0.0,1.0,0.0,0.004666666666666667,0.005055250296034367,0.9626666666666667,0.008944271909999166,0.1489273417546953,0.0076258133923509,0.19839019159370483,0.014411880769005557,0.3359865448803601,0.01752018086408556,0.514687848923973,0.015131703799620118
warmup_sweep,gaming,1,Full TASR,25,0.7,7,301,350,5,0.0,0.0,0.032,0.010954451150103323,0.988,0.0268328157299975,1.0,0.0,0.004,0.004333071682315171,0.9662857142857143,0.00977293221513546,0.11977217138151731,0.006688713748253228,0.15388533377459465,0.009934344807360763,0.28355925462692416,0.0025261265697010342,0.42296321497999567,0.041586675781935804
warmup_sweep,gaming,1,Full TASR,25,0.7,8,351,400,5,0.0,0.0,0.028,0.022803508501982758,0.988,0.017888543819998333,1.0,0.0,0.0035,0.0037914377220257755,0.969,0.007202430145443967,0.09986503372106802,0.0020823796311143297,0.12595290301416603,0.00518414955962047,0.24586756434994497,0.011850684236935638,0.3531192635368004,0.0195053981783588
warmup_sweep,gaming,1,Full TASR,25,0.7,9,401,450,5,0.0,0.0,0.032,0.010954451150103323,1.0,0.0,1.0,0.0,0.003111111111111111,0.0033701668640229113,0.9724444444444444,0.0064021601292835245,0.08113082895321035,0.005498942239494973,0.110031037975003,0.012304519018403267,0.20755473244197387,0.0037199234640104156,0.3104797275342371,0.021935830224649823
warmup_sweep,gaming,1,Full TASR,25,0.7,10,451,500,5,0.0,0.0,0.024,0.00894427190999916,0.976,0.035777087639996624,0.992,0.010954451150103333,0.0028,0.00303315017762062,0.9728,0.0075630681604756216,0.06894013628488573,0.0037013856601817224,0.0880909753179329,0.006802281016635211,0.1830932188200728,0.009682685671242725,0.2660361176683838,0.01886116372003235
warmup_sweep,gaming,1,Full TASR,100,0.7,1,1,50,5,0.032,0.05019960159204453,0.208,0.4318796128552493,0.948,0.05019960159204453,1.0,0.0,0.032,0.05019960159204453,0.948,0.05019960159204453,0.7614827020051244,0.10197893214432757,0.8378834354089585,0.02064863302371363,1.0,0.0,1.0,0.0
warmup_sweep,gaming,1,Full TASR,100,0.7,2,51,100,5,0.048,0.1073312629199899,0.2,0.4472135954999579,0.952,0.1073312629199899,1.0,0.0,0.04,0.07842193570679061,0.95,0.07842193570679058,0.7764547412909916,0.12028821297647657,0.8649310121993135,0.024454171981143524,1.0,0.0,1.0,0.0
warmup_sweep,gaming,1,Full TASR,100,0.7,3,101,150,5,0.0,0.0,0.048,0.022803508501982758,0.88,0.06782329983125268,0.964,0.04979959839195493,0.026666666666666665,0.05228129047119374,0.9266666666666666,0.06394442031083629,0.4861695322221124,0.027025854651851578,0.5165092372587597,0.014645203685330009,0.7500600000000001,0.06911156198495295,0.7786685931156699,0.03251124582842305
warmup_sweep,gaming,1,Full TASR,100,0.7,4,151,200,5,0.0,0.0,0.04,0.01414213562373095,1.0,0.0,1.0,0.0,0.02,0.039210967853395305,0.945,0.047958315233127186,0.3405143721702404,0.00888708443815058,0.48054900619353624,0.014440203805189308,0.5810421600000002,0.028195511051016597,0.7783211813031707,0.023140932116487396
warmup_sweep,gaming,1,Full TASR,100,0.7,5,201,250,5,0.0,0.0,0.032,0.017888543819998316,0.996,0.008944271909999166,1.0,0.0,0.016,0.03136877428271624,0.9551999999999999,0.03777830064997629,0.276388206285394,0.0240931172904641,0.3475112276474504,0.01288969481413008,0.5035934916000001,0.030753862062634856,0.6774971625022206,0.020290163075796352
warmup_sweep,gaming,1,Full TASR,100,0.7,6,251,300,5,0.0,0.0,0.032,0.017888543819998316,1.0,0.0,1.0,0.0,0.013333333333333332,0.02614064523559687,0.9626666666666667,0.03148191720831355,0.211912203785643,0.011805677506367082,0.288531690322804,0.017860394979511075,0.41669225928000014,0.026951510422050937,0.6147407744220242,0.03531447380788536
warmup_sweep,gaming,1,Full TASR,100,0.7,7,301,350,5,0.0,0.0,0.032,0.010954451150103323,0.972,0.04381780460041328,1.0,0.0,0.011428571428571429,0.022406267344797316,0.964,0.03236273997632942,0.17360634813077866,0.01542898806680126,0.21307591055590347,0.01884921449072035,0.36095192119152014,0.023738831255101987,0.5138666847468621,0.03538162790970018
warmup_sweep,gaming,1,Full TASR,100,0.7,8,351,400,5,0.0,0.0,0.036000000000000004,0.00894427190999916,0.956,0.06387487769068526,0.992,0.017888543819998333,0.01,0.019605483926697653,0.9630000000000001,0.03174114049620776,0.13373411284625877,0.015076748294054237,0.1689308735592584,0.009354890771417016,0.2986472680869313,0.020265731826922963,0.46435565076508195,0.012638961328298993
warmup_sweep,gaming,1,Full TASR,100,0.7,9,401,450,5,0.0,0.0,0.028,0.010954451150103323,0.996,0.008944271909999166,0.996,0.008944271909999166,0.008888888888888889,0.017427096823731246,0.9666666666666667,0.02914417121912001,0.10685593147548864,0.004643293439280427,0.1404295695122414,0.005504011410024432,0.2521734250968636,0.013758122058369347,0.4203844592692769,0.037487386891256795
warmup_sweep,gaming,1,Full TASR,100,0.7,10,451,500,5,0.0,0.0,0.024,0.00894427190999916,1.0,0.0,1.0,0.0,0.008,0.01568438714135812,0.97,0.02622975409720798,0.08887736009863971,0.00701206293080808,0.11492992079918052,0.008438785326413888,0.21771385843537294,0.014773718501826847,0.3337246259801805,0.02193866678299413
warmup_sweep,gaming,3,Full TASR,0,0.7,1,1,50,5,0.024,0.00894427190999916,0.176,0.02966479394838265,0.88,0.05999999999999998,0.964,0.016733200530681527,0.024,0.00894427190999916,0.88,0.05999999999999998,0.4570857449830083,0.012219079027870991,0.5447892449852486,0.01165381417128413,0.7628692320000001,0.008812855641000795,0.845392192706358,0.0184457556113509
warmup_sweep,gaming,3,Full TASR,0,0.7,2,51,100,5,0.0,0.0,0.112,0.01788854381999832,0.968,0.04604345773288535,0.98,0.028284271247461926,0.012,0.00447213595499958,0.924,0.034351128074635306,0.36246310577280894,0.01409904084439974,0.42391123042974055,0.02655092499508086,0.6551159549760002,0.019945056601248953,0.7218350518969973,0.017087216279486075
warmup_sweep,gaming,3,Full TASR,0,0.7,3,101,150,5,0.0,0.0,0.10400000000000001,0.026076809620810597,0.964,0.04979959839195493,0.996,0.008944271909999166,0.008,0.00298142396999972,0.9373333333333334,0.03003701420285019,0.27269923802026186,0.00358969837739927,0.3341800663267693,0.029151728928706107,0.5357035252857602,0.016300131838092497,0.646384441458867,0.017605114873664694
warmup_sweep,gaming,3,Full TASR,0,0.7,4,151,200,5,0.0,0.0,0.096,0.0260768096208106,0.996,0.008944271909999166,1.0,0.0,0.006,0.00223606797749979,0.952,0.024392621835300915,0.21335879017580187,0.007061822715037218,0.30105950627096284,0.036829620073769324,0.4422663527042104,0.01237879053657703,0.6075126491690647,0.04189647648197072
warmup_sweep,gaming,3,Full TASR,0,0.7,5,201,250,5,0.0,0.0,0.108,0.017888543819998312,1.0,0.0,1.0,0.0,0.0048000000000000004,0.0017888543819998318,0.9616,0.019514097468240725,0.16881800327528043,0.0035783228430996423,0.2356707491320544,0.030963926732414562,0.36941851970969397,0.006271709163851928,0.5320288497012977,0.03537029404239747
warmup_sweep,gaming,3,Full TASR,0,0.7,6,251,300,5,0.0,0.0,0.084,0.029664793948382652,0.992,0.017888543819998333,1.0,0.0,0.004,0.00149071198499986,0.9666666666666667,0.014529663145135563,0.1371786085845755,0.008724634137085203,0.19988475482879195,0.04063754017707902,0.31663484124511476,0.014847948292505965,0.4690692138722251,0.05179323283594554
warmup_sweep,gaming,3,Full TASR,0,0.7,7,301,350,5,0.0,0.0,0.08,0.014142135623730954,0.98,0.034641016151377525,0.992,0.010954451150103333,0.0034285714285714284,0.0012777531299998797,0.9685714285714285,0.010690449676496985,0.11214720912107709,0.006337323168851633,0.14857091745709525,0.010442428273419558,0.27096302081572216,0.010498241160208116,0.39306180296035265,0.012429578161233782
warmup_sweep,gaming,3,Full TASR,0,0.7,8,351,400,5,0.0,0.0,0.092,0.017888543819998316,0.996,0.008944271909999166,1.0,0.0,0.003,0.001118033988749895,0.972,0.009420721840708397,0.09252742628747489,0.0046252626356477755,0.12519405307105577,0.012122947280716258,0.23268420236528592,0.013399163129783748,0.3389044830101161,0.02912269110065777
warmup_sweep,gaming,3,Full TASR,0,0.7,9,401,450,5,0.0,0.0,0.14,0.05099019513592785,1.0,0.0,1.0,0.0,0.0026666666666666666,0.0009938079899999065,0.9751111111111112,0.00837397496951857,0.0707332094912053,0.00543605675913428,0.1331389195525224,0.02467151716849454,0.18582257979237726,0.012971409485004243,0.353470347752045,0.05138912492637531
warmup_sweep,gaming,3,Full TASR,0,0.7,10,451,500,5,0.0,0.0,0.08,0.0282842712474619,1.0,0.0,1.0,0.0,0.0024000000000000002,0.0008944271909999159,0.9776,0.007536577472566716,0.05898097186313516,0.003147669880364074,0.1226021333859773,0.054008548068827815,0.16025595764446343,0.00844173385105379,0.28907999654709415,0.041972702406810544
warmup_sweep,gaming,3,Full TASR,25,0.7,1,1,50,5,0.06,0.044721359549995794,0.252,0.2184490787346104,0.92,0.042426406871192854,0.992,0.010954451150103333,0.06,0.044721359549995794,0.92,0.042426406871192854,0.5323470884227581,0.021818911355402537,0.6282979135664659,0.013648937502284774,0.8085600000000001,0.025051706528697808,0.8770608932065457,0.02085795212756927
warmup_sweep,gaming,3,Full TASR,25,0.7,2,51,100,5,0.0,0.0,0.108,0.010954451150103317,0.964,0.04979959839195493,1.0,0.0,0.03,0.022360679774997897,0.942,0.04438468204234429,0.40441397471714585,0.01549454034004193,0.4803821966985559,0.01804765351502651,0.6761406960000002,0.029528723617895828,0.7846331230836743,0.014663714127962269
warmup_sweep,gaming,3,Full TASR,25,0.7,3,101,150,5,0.0,0.0,0.08800000000000001,0.017888543819998323,0.928,0.07014271166700073,0.992,0.010954451150103333,0.02,0.014907119849998597,0.9373333333333334,0.049351348062191304,0.31013243736778756,0.008046229852840174,0.3870321373172123,0.023852424625198012,0.5654988885600002,0.030868630658020223,0.7123549451247493,0.02774465957401193
warmup_sweep,gaming,3,Full TASR,25,0.7,4,151,200,5,0.0,0.0,0.1,0.0,1.0,0.0,1.0,0.0,0.015,0.011180339887498949,0.953,0.03701351104664349,0.2418163955262074,0.006029440995765092,0.33898587187157636,0.027000106523121167,0.4710012779520001,0.020712488192818648,0.6563564576898162,0.04006944195682547
warmup_sweep,gaming,3,Full TASR,25,0.7,5,201,250,5,0.0,0.0,0.104,0.016733200530681506,1.0,0.0,1.0,0.0,0.012,0.00894427190999916,0.9624,0.029610808837314782,0.1888018503331618,0.00465931163354671,0.2446975585763417,0.020337204672867194,0.3942138355300801,0.02539701691534775,0.5605506087625208,0.015401821196759728
warmup_sweep,gaming,3,Full TASR,25,0.7,6,251,300,5,0.0,0.0,0.08,0.014142135623730954,1.0,0.0,1.0,0.0,0.01,0.007453559924999299,0.9686666666666667,0.024675674031095676,0.15451860240405285,0.003047526966753872,0.20148140874272955,0.018786772311427617,0.3400871892977708,0.016507912044896766,0.5007657406694095,0.016256308088486503
warmup_sweep,gaming,3,Full TASR,25,0.7,7,301,350,5,0.0,0.0,0.084,0.021908902300206645,0.972,0.05215361924162119,0.988,0.017888543819998333,0.008571428571428572,0.0063887656499994,0.9691428571428571,0.023681560897259542,0.1263531831106993,0.0038541996041322186,0.1542790536592289,0.011829613045229375,0.2949362527652443,0.015411190928295024,0.4144330325361033,0.046703065805672156
warmup_sweep,gaming,3,Full TASR,25,0.7,8,351,400,5,0.0,0.0,0.092,0.010954451150103324,0.952,0.046043457732885346,0.98,0.020000000000000018,0.0075,0.005590169943749474,0.967,0.024647515087732493,0.10293535799816425,0.003773206176204651,0.12514649255059812,0.006957515164522948,0.2497843423505893,0.010671498185639573,0.3449960689272372,0.022732479901943745
warmup_sweep,gaming,3,Full TASR,25,0.7,9,401,450,5,0.0,0.0,0.112,0.010954451150103317,0.996,0.008944271909999166,1.0,0.0,0.006666666666666667,0.004969039949999533,0.9702222222222222,0.021579597131218157,0.08101682340494909,0.0031645960375551938,0.11586652511115798,0.010672347693223493,0.20589420673555506,0.01023209252089036,0.3190450860882961,0.02725518301755481
warmup_sweep,gaming,3,Full TASR,25,0.7,10,451,500,5,0.0,0.0,0.08,0.014142135623730954,0.996,0.008944271909999166,1.0,0.0,0.006,0.00447213595499958,0.9728,0.01937008002048522,0.06693546257532947,0.002035134048264937,0.08802445377646172,0.00968627924901171,0.17641867963092583,0.007651084617814978,0.2426332646606901,0.021216315743355696
warmup_sweep,gaming,3,Full TASR,100,0.7,1,1,50,5,0.06,0.09273618495495704,0.22,0.43657759905886145,0.9239999999999999,0.09316651759081691,0.996,0.008944271909999166,0.06,0.09273618495495704,0.9239999999999999,0.09316651759081691,0.7451624629643872,0.07789438858085382,0.8258983271316298,0.043197957454309904,1.0,0.0,1.0,0.0
warmup_sweep,gaming,3,Full TASR,100,0.7,2,51,100,5,0.072,0.16099689437998485,0.2,0.4472135954999579,0.928,0.16099689437998485,1.0,0.0,0.06599999999999999,0.1258173279004128,0.9259999999999999,0.12660963628413124,0.7557064783298587,0.09434312116231196,0.8506336302393656,0.05187106942692134,1.0,0.0,1.0,0.0
warmup_sweep,gaming,3,Full TASR,100,0.7,3,101,150,5,0.0,0.0,0.16,0.03741657386773942,0.956,0.03577708763999661,0.992,0.010954451150103333,0.044,0.08387821860027522,0.9359999999999999,0.08519259227055942,0.46445420018727757,0.01357491140767475,0.5579280303774712,0.029197270432860533,0.7342878960000001,0.052168738728611025,0.7984249995174078,0.04301659734308214
warmup_sweep,gaming,3,Full TASR,100,0.7,4,151,200,5,0.0,0.0,0.116,0.016733200530681513,1.0,0.0,1.0,0.0,0.032999999999999995,0.0629086639502064,0.952,0.06389444420291956,0.33750603709979693,0.010416013554171152,0.49098479842565956,0.039240585907578646,0.5947731957600001,0.04225667837017496,0.771246146927417,0.029976508444045088
warmup_sweep,gaming,3,Full TASR,100,0.7,5,201,250,5,0.0,0.0,0.08800000000000001,0.033466401061363026,0.992,0.017888543819998333,1.0,0.0,0.0264,0.050326931160165136,0.96,0.05067543783727971,0.26884312603945687,0.007845043959008266,0.3413866221616281,0.023875218911284423,0.5103378321840002,0.025130037406161425,0.6549986306726945,0.015341497326895808
warmup_sweep,gaming,3,Full TASR,100,0.7,6,251,300,5,0.0,0.0,0.1,0.02449489742783178,1.0,0.0,1.0,0.0,0.022,0.04193910930013761,0.9666666666666667,0.042229531531066435,0.2092206698903602,0.004743986803039385,0.27026900848896507,0.01894803645464245,0.42877480424904013,0.022868281508299348,0.596912776631673,0.030272245501402974
warmup_sweep,gaming,3,Full TASR,100,0.7,7,301,350,5,0.0,0.0,0.084,0.026076809620810597,0.996,0.008944271909999166,0.996,0.008944271909999166,0.018857142857142857,0.03594780797154652,0.9708571428571429,0.0360498521042,0.17037749008110972,0.007485070967821957,0.20874365278623103,0.02532028541944578,0.36764551412013613,0.01622152710368762,0.5246073948514036,0.05140812822351056
warmup_sweep,gaming,3,Full TASR,100,0.7,8,351,400,5,0.0,0.0,0.096,0.026076809620810593,0.992,0.010954451150103333,0.996,0.008944271909999166,0.016499999999999997,0.0314543319751032,0.9735,0.032528833363648334,0.13474824195905083,0.008929322247095528,0.16716344606589065,0.013724709217108066,0.30897382174985033,0.021673199256118932,0.4549582607402889,0.026017403848907862
warmup_sweep,gaming,3,Full TASR,100,0.7,9,401,450,5,0.0,0.0,0.10400000000000001,0.029664793948382655,0.98,0.04472135954999579,0.992,0.017888543819998333,0.014666666666666666,0.027959406200091737,0.9742222222222222,0.03372364082683368,0.10670855546088887,0.008126613668942446,0.15672842170692622,0.0221057895770928,0.2552854220161689,0.008562506061590005,0.4182049586431148,0.0504894130360919
warmup_sweep,gaming,3,Full TASR,100,0.7,10,451,500,5,0.0,0.0,0.076,0.026076809620810593,0.992,0.010954451150103333,1.0,0.0,0.0132,0.025163465580082568,0.976,0.029698484809834974,0.08986773410939884,0.005723345916833218,0.11564237057279225,0.014743834725481358,0.22401097516384208,0.010245848925815473,0.312941379027729,0.016223542036595814
warmup_sweep,gis,1,Full TASR,0,0.7,1,1,50,5,0.016,0.00894427190999916,0.07200000000000001,0.02683281572999748,0.9,0.05099019513592786,0.964,0.026076809620810618,0.016,0.00894427190999916,0.9,0.05099019513592786,0.44439763809458277,0.02279375210270344,0.5463370237641101,0.030145149021270107,0.7259685264000001,0.03714317206143668,0.8785881442353949,0.014494257992574798
warmup_sweep,gis,1,Full TASR,0,0.7,2,51,100,5,0.0,0.0,0.052,0.01095445115010332,1.0,0.0,1.0,0.0,0.008,0.00447213595499958,0.95,0.025495097567963903,0.308881981438558,0.01867732208775096,0.5078625740873276,0.01093827206959718,0.5535735099840001,0.05476783415381521,0.8592554726369204,0.01819346550795892
warmup_sweep,gis,1,Full TASR,0,0.7,3,101,150,5,0.0,0.0,0.04,0.01414213562373095,1.0,0.0,1.0,0.0,0.005333333333333334,0.00298142396999972,0.9666666666666667,0.016996731711975983,0.23623073069985728,0.009661807012991384,0.43220554247063736,0.014102962864432824,0.45999077107366093,0.047636288829174055,0.7951603279093217,0.025780872812439733
warmup_sweep,gis,1,Full TASR,0,0.7,4,151,200,5,0.0,0.0,0.036000000000000004,0.00894427190999916,1.0,0.0,1.0,0.0,0.004,0.00223606797749979,0.975,0.012747548783981974,0.18255784558911703,0.010236348231058238,0.3958912080510667,0.015803064731209678,0.3797055647477054,0.02842747175959246,0.7413028352248615,0.034301970234452694
warmup_sweep,gis,1,Full TASR,0,0.7,5,201,250,5,0.0,0.0,0.032,0.010954451150103323,1.0,0.0,1.0,0.0,0.0032,0.0017888543819998318,0.98,0.01019803902718558,0.14221930149394987,0.011848236654360016,0.33684501070017514,0.052151437702858704,0.31383771936744137,0.018243588679497432,0.6663165505123135,0.040324021383860445
warmup_sweep,gis,1,Full TASR,0,0.7,6,251,300,5,0.0,0.0,0.036000000000000004,0.00894427190999916,1.0,0.0,1.0,0.0,0.002666666666666667,0.00149071198499986,0.9833333333333333,0.008498365855987976,0.11161840707753774,0.012362831597048114,0.28681929895277136,0.06166069523277984,0.2551902777564355,0.02821047984912029,0.5748630585668963,0.05741269530615667
warmup_sweep,gis,1,Full TASR,0,0.7,7,301,350,5,0.0,0.0,0.036000000000000004,0.00894427190999916,1.0,0.0,1.0,0.0,0.002285714285714286,0.0012777531299998797,0.9857142857142858,0.007284313590846836,0.08691362543011694,0.008998212032017918,0.28388599780417756,0.04921979447171483,0.20670412498271276,0.022850488677787432,0.564541574398902,0.0425844692562735
warmup_sweep,gis,1,Full TASR,0,0.7,8,351,400,5,0.0,0.0,0.048,0.01095445115010332,1.0,0.0,1.0,0.0,0.002,0.001118033988749895,0.9875,0.006373774391990965,0.06567158435926143,0.007115230727531417,0.27649994997161376,0.04206468585346329,0.1610642201699679,0.02251522970640192,0.5477802935376658,0.04974018279465799
warmup_sweep,gis,1,Full TASR,0,0.7,9,401,450,5,0.0,0.0,0.044,0.008944271909999158,1.0,0.0,1.0,0.0,0.0017777777777777779,0.0009938079899999065,0.9888888888888889,0.005665577237325321,0.050047666235500075,0.004417748695271871,0.280835812803771,0.04002365697069913,0.12845308569721944,0.022439400652075843,0.5035832362611793,0.030294218488747603
warmup_sweep,gis,1,Full TASR,0,0.7,10,451,500,5,0.0,0.0,0.036,0.021908902300206645,1.0,0.0,1.0,0.0,0.0016,0.0008944271909999159,0.99,0.00509901951359279,0.038896402828249785,0.004933110152560618,0.2738818918441131,0.044035065431911435,0.10354233946400446,0.01536352241152112,0.5038040416253022,0.052140259656683674
warmup_sweep,gis,1,Full TASR,25,0.7,1,1,50,5,0.20400000000000001,0.08988882021697694,0.5640000000000001,0.04979959839195492,0.704,0.05727128425310541,0.956,0.008944271909999166,0.20400000000000001,0.08988882021697694,0.704,0.05727128425310541,0.5088209332100962,0.015715958623651438,0.6346830686362022,0.00772788655929759,0.7065759600000001,0.05863303085810933,0.888060933586553,0.023843233730285067
warmup_sweep,gis,1,Full TASR,25,0.7,2,51,100,5,0.0,0.0,0.044,0.01673320053068151,0.996,0.008944271909999166,0.996,0.008944271909999166,0.10200000000000001,0.04494441010848847,0.85,0.02915475947422653,0.3854852658302338,0.017909123409546597,0.54113911353916,0.016177840222806605,0.5794596468000001,0.05189420169070943,0.8756944299318251,0.0201409777623248
warmup_sweep,gis,1,Full TASR,25,0.7,3,101,150,5,0.0,0.0,0.048,0.01788854381999832,1.0,0.0,1.0,0.0,0.068,0.029962940072325642,0.9,0.019436506316150983,0.27590320160143395,0.010507064419703815,0.47000551971319937,0.014012331489375035,0.46288154396800807,0.056382272844394704,0.8432560485033859,0.0375515537163733
warmup_sweep,gis,1,Full TASR,25,0.7,4,151,200,5,0.0,0.0,0.032,0.010954451150103323,1.0,0.0,1.0,0.0,0.051000000000000004,0.022472205054244236,0.925,0.014577379737113226,0.21168985421369632,0.019484593628995645,0.40359884939856655,0.026906657618297795,0.38371558169808656,0.05399560093840352,0.7725643807768684,0.028796705704372136
warmup_sweep,gis,1,Full TASR,25,0.7,5,201,250,5,0.0,0.0,0.036000000000000004,0.00894427190999916,1.0,0.0,1.0,0.0,0.0408,0.017977764043395385,0.9400000000000001,0.011661903789690554,0.16217350925158008,0.011713622953244813,0.36356318243329355,0.02334867215947212,0.3179226613534901,0.048278619596134206,0.7100146732052993,0.04121618297692852
warmup_sweep,gis,1,Full TASR,25,0.7,6,251,300,5,0.0,0.0,0.028,0.010954451150103323,1.0,0.0,1.0,0.0,0.034,0.014981470036162821,0.95,0.009718253158075525,0.1333889637336899,0.01372459336949753,0.291828223362833,0.05635505766285014,0.27385186526280847,0.03892035408146358,0.6022384958889697,0.04913516885435205
warmup_sweep,gis,1,Full TASR,25,0.7,7,301,350,5,0.0,0.0,0.04,0.0,1.0,0.0,1.0,0.0,0.029142857142857144,0.012841260030996705,0.9571428571428572,0.008329931278350406,0.09920268782890608,0.006651383402457521,0.279574191889448,0.057387031765798506,0.21663460457308373,0.02535371590821385,0.5765761954575975,0.0560281553412168
warmup_sweep,gis,1,Full TASR,25,0.7,8,351,400,5,0.0,0.0,0.036,0.01673320053068151,1.0,0.0,1.0,0.0,0.025500000000000002,0.011236102527122118,0.9625,0.007288689868556651,0.07599550694799499,0.005220395899383626,0.26840796918476456,0.04142774093588769,0.17266317745006385,0.0265842118704913,0.5303560683542592,0.049374948460070775
warmup_sweep,gis,1,Full TASR,25,0.7,9,401,450,5,0.0,0.0,0.044,0.008944271909999158,1.0,0.0,1.0,0.0,0.02266666666666667,0.009987646690775214,0.9666666666666667,0.006478835438717004,0.05773676711333917,0.00447000322912944,0.2623102781594024,0.06767578623508708,0.13704632148041776,0.02232413459092237,0.49604275260778974,0.10119059926632998
warmup_sweep,gis,1,Full TASR,25,0.7,10,451,500,5,0.0,0.0,0.04,0.01414213562373095,1.0,0.0,1.0,0.0,0.0204,0.008988882021697692,0.97,0.0058309518948453055,0.04477159634840441,0.0021686186354805625,0.28197869951439264,0.03591457307246263,0.11162453057744334,0.02106426198746466,0.5129412006926798,0.07823506432085656
warmup_sweep,gis,1,Full TASR,100,0.7,1,1,50,5,0.428,0.15849290204927158,0.98,0.028284271247461926,0.56,0.15165750888103102,0.988,0.010954451150103333,0.428,0.15849290204927158,0.56,0.15165750888103102,0.9413642110061547,0.002797590720617694,0.8266574875070892,0.001522868368174219,1.0,0.0,1.0,0.0
warmup_sweep,gis,1,Full TASR,100,0.7,2,51,100,5,0.432,0.04381780460041329,1.0,0.0,0.5680000000000001,0.04381780460041328,1.0,0.0,0.43,0.0818535277187245,0.5640000000000001,0.0776530746332687,0.9889251300059314,0.0005283966338494515,0.8547265490077826,0.0012282993925001578,1.0,0.0,1.0,0.0
warmup_sweep,gis,1,Full TASR,100,0.7,3,101,150,5,0.012,0.010954451150103323,0.116,0.029664793948382652,0.988,0.010954451150103333,1.0,0.0,0.29066666666666663,0.053872276935565115,0.7053333333333334,0.05107728349167455,0.42958281821541805,0.018806036530045804,0.6102329429309651,0.004022938529034547,0.5605167276000002,0.04915944686779753,0.903987241760475,0.014014364490305993
warmup_sweep,gis,1,Full TASR,100,0.7,4,151,200,5,0.0,0.0,0.048,0.01788854381999832,1.0,0.0,1.0,0.0,0.218,0.04040420770167385,0.779,0.03830796261875591,0.3118209026080626,0.01717439085952069,0.503544154664243,0.01690516024730225,0.45885604894730536,0.031477912462559286,0.8494295684515789,0.04239591010781829
warmup_sweep,gis,1,Full TASR,100,0.7,5,201,250,5,0.0,0.0,0.028,0.010954451150103323,1.0,0.0,1.0,0.0,0.1744,0.03232336616133907,0.8231999999999999,0.030646370095004715,0.2582228145317416,0.014276824048582229,0.4229181519897837,0.015462147030996963,0.39001911108418563,0.052830096046281985,0.7912665716481336,0.025815385768603993
warmup_sweep,gis,1,Full TASR,100,0.7,6,251,300,5,0.0,0.0,0.036000000000000004,0.00894427190999916,1.0,0.0,1.0,0.0,0.14533333333333331,0.026936138467782558,0.8526666666666667,0.025538641745837285,0.19392704261194277,0.008106540394785151,0.3382220866835437,0.014843227177685098,0.3214182746161671,0.032297531819451435,0.6912560746606784,0.026071062291154135
warmup_sweep,gis,1,Full TASR,100,0.7,7,301,350,5,0.0,0.0,0.04,0.01414213562373095,1.0,0.0,1.0,0.0,0.12457142857142857,0.023088118686670767,0.8737142857142857,0.02189026435357479,0.14612436357899194,0.005494094410311955,0.32356498728751354,0.0502558693991736,0.26154012951195427,0.03656362363044529,0.6630388636481339,0.04228454033734815
warmup_sweep,gis,1,Full TASR,100,0.7,8,351,400,5,0.0,0.0,0.04,0.02449489742783178,1.0,0.0,1.0,0.0,0.109,0.020202103850836924,0.8895,0.019153981309377947,0.10866975094959282,0.008719728732653103,0.29897472838074984,0.03710324813861313,0.20630717148467503,0.018684828051492155,0.6151080989284361,0.043958714601006116
warmup_sweep,gis,1,Full TASR,100,0.7,9,401,450,5,0.0,0.0,0.04,0.01414213562373095,1.0,0.0,1.0,0.0,0.09688888888888889,0.017957425645188374,0.9017777777777778,0.017025761163891498,0.0833607876167376,0.0025912342363478436,0.3289469601569926,0.012208165650356432,0.1678904385950895,0.022741624049075045,0.586488652059756,0.04660944185473445
warmup_sweep,gis,1,Full TASR,100,0.7,10,451,500,5,0.0,0.0,0.032,0.010954451150103323,1.0,0.0,1.0,0.0,0.0872,0.016161683080669537,0.9116000000000001,0.015323185047502377,0.06701175502350305,0.004861744753302744,0.298375603924943,0.025371644774719482,0.14136192062297528,0.014621015051911865,0.5605841376147112,0.03699638984238764
warmup_sweep,gis,3,Full TASR,0,0.7,1,1,50,5,0.044,0.01673320053068151,0.20800000000000002,0.05019960159204454,0.9079999999999999,0.06418722614352484,0.964,0.026076809620810572,0.044,0.01673320053068151,0.9079999999999999,0.06418722614352484,0.45478211175786226,0.011869309833929998,0.5512243096089758,0.011166621491435772,0.7324394786784001,0.022566794054113302,0.8802385637947256,0.02425752101313126
warmup_sweep,gis,3,Full TASR,0,0.7,2,51,100,5,0.0,0.0,0.132,0.02280350850198276,1.0,0.0,1.0,0.0,0.022,0.008366600265340755,0.954,0.032093613071762395,0.3290322766520321,0.012024930224594386,0.4897592762741973,0.012649430822136338,0.5790912267325538,0.01435183173060672,0.8652801979409428,0.04204498755057066
warmup_sweep,gis,3,Full TASR,0,0.7,3,101,150,5,0.0,0.0,0.112,0.02280350850198276,1.0,0.0,1.0,0.0,0.014666666666666668,0.00557773351022717,0.9693333333333334,0.021395742047841636,0.24525250739345877,0.005410779246715799,0.4449891248718002,0.010884258000155505,0.46080600201548855,0.017747041134761568,0.8380491420766356,0.03979455059761584
warmup_sweep,gis,3,Full TASR,0,0.7,4,151,200,5,0.0,0.0,0.128,0.038987177379235856,1.0,0.0,1.0,0.0,0.011,0.004183300132670377,0.977,0.01604680653588123,0.18504782962727614,0.003420790217577744,0.40339216553205937,0.01885309520108314,0.37053482270973315,0.017610070552903246,0.7474848407529436,0.0512427311074954
warmup_sweep,gis,3,Full TASR,0,0.7,5,201,250,5,0.0,0.0,0.1,0.014142135623730947,1.0,0.0,1.0,0.0,0.0088,0.0033466401061363026,0.9816,0.012837445228704981,0.14634015380495627,0.0018097874722250056,0.3452841288303201,0.03159602183762363,0.31205293289218283,0.01923732499757598,0.6814118898268384,0.032913707374565664
warmup_sweep,gis,3,Full TASR,0,0.7,6,251,300,5,0.0,0.0,0.124,0.016733200530681516,1.0,0.0,1.0,0.0,0.007333333333333334,0.002788866755113585,0.9846666666666667,0.010697871023920795,0.11133255358816135,0.0019165147350040886,0.2956883439455597,0.027045758183462158,0.2506813496064939,0.013921249648927915,0.5937327646260318,0.036457114187001954
warmup_sweep,gis,3,Full TASR,0,0.7,7,301,350,5,0.0,0.0,0.132,0.02280350850198276,1.0,0.0,1.0,0.0,0.006285714285714286,0.0023904572186687874,0.9868571428571429,0.009169603734789276,0.08331015724423313,0.0034402815013312347,0.33900177150150546,0.045312150918922954,0.19814278518532283,0.016145002957055878,0.6100144369458447,0.05286252646691709
warmup_sweep,gis,3,Full TASR,0,0.7,8,351,400,5,0.0,0.0,0.1,0.019999999999999997,1.0,0.0,1.0,0.0,0.0055,0.0020916500663351887,0.9885,0.00802340326794059,0.06535963909628702,0.003842634850507139,0.28808083562688586,0.03298054832771001,0.16228331248749273,0.01530779333799607,0.5391590051441695,0.05121661990446232
warmup_sweep,gis,3,Full TASR,0,0.7,9,401,450,5,0.0,0.0,0.12000000000000001,0.020000000000000004,1.0,0.0,1.0,0.0,0.004888888888888889,0.001859244503409057,0.9897777777777778,0.007131914015947193,0.0496014523331186,0.002631459501296581,0.284775265167795,0.03128125020224717,0.12944822131090913,0.010087638061051337,0.524547629293892,0.02068260566371198
warmup_sweep,gis,3,Full TASR,0,0.7,10,451,500,5,0.0,0.0,0.112,0.010954451150103317,1.0,0.0,1.0,0.0,0.0044,0.0016733200530681513,0.9908,0.006418722614352491,0.03913170697115913,0.002372614435472134,0.275863802003995,0.03857571456463764,0.10567978051305227,0.01003524415674143,0.49556731786707797,0.03530342491272037
warmup_sweep,gis,3,Full TASR,25,0.7,1,1,50,5,0.388,0.06418722614352484,0.672,0.022803508501982747,0.544,0.05176871642217913,0.956,0.016733200530681527,0.388,0.06418722614352484,0.544,0.05176871642217913,0.5558119675880401,0.015006431747793337,0.6380515923730049,0.025508068483382263,0.7729794048,0.014117431833756253,0.904316103781185,0.0197934734573684
warmup_sweep,gis,3,Full TASR,25,0.7,2,51,100,5,0.0,0.0,0.164,0.0606630035524124,0.996,0.008944271909999166,1.0,0.0,0.194,0.03209361307176242,0.77,0.025495097567963948,0.38002072627159766,0.010399747208068768,0.5528635753215307,0.016129956250382306,0.5950068408781921,0.027933562252375272,0.8919575634943613,0.029765575290742686
warmup_sweep,gis,3,Full TASR,25,0.7,3,101,150,5,0.0,0.0,0.12,0.042426406871192854,1.0,0.0,1.0,0.0,0.12933333333333333,0.021395742047841615,0.8466666666666667,0.016996731711975983,0.28239431956343747,0.0060099052348726355,0.4767269890013718,0.02131816063534691,0.47689114516590453,0.024108676250064572,0.8609766750148282,0.045900877262392906
warmup_sweep,gis,3,Full TASR,25,0.7,4,151,200,5,0.0,0.0,0.12,0.014142135623730954,1.0,0.0,1.0,0.0,0.097,0.01604680653588121,0.885,0.012747548783981974,0.2092457010014997,0.006960479103490336,0.4276131291213892,0.011833105799981248,0.38456601946786295,0.02308695358151882,0.7823721248539071,0.030828068718963014
warmup_sweep,gis,3,Full TASR,25,0.7,5,201,250,5,0.0,0.0,0.096,0.01673320053068151,1.0,0.0,1.0,0.0,0.0776,0.012837445228704973,0.908,0.01019803902718558,0.1649986046203485,0.0055091639559167295,0.3498320879776614,0.028521500010835827,0.32601663811387327,0.0258680376241736,0.697247333756557,0.038333370934206246
warmup_sweep,gis,3,Full TASR,25,0.7,6,251,300,5,0.0,0.0,0.128,0.010954451150103333,1.0,0.0,1.0,0.0,0.06466666666666666,0.010697871023920807,0.9233333333333333,0.008498365855987964,0.12612000691508932,0.005018037085561707,0.3186229265572083,0.05094523646917095,0.26155755881263265,0.021270352011718046,0.6424495772060218,0.04096902973122736
warmup_sweep,gis,3,Full TASR,25,0.7,7,301,350,5,0.0,0.0,0.128,0.010954451150103333,1.0,0.0,1.0,0.0,0.055428571428571424,0.009169603734789263,0.9342857142857143,0.007284313590846847,0.09480137430500916,0.004427905650601118,0.3393912403425437,0.04286651835131742,0.20941476752379137,0.02012048856141682,0.6356548719479355,0.022462721695798233
warmup_sweep,gis,3,Full TASR,25,0.7,8,351,400,5,0.0,0.0,0.12000000000000001,0.04,1.0,0.0,1.0,0.0,0.0485,0.008023403267940606,0.9425,0.006373774391990965,0.07290494455322752,0.006802504161539125,0.30008727302188015,0.026520353445039172,0.16889973119378862,0.01466452796899865,0.5528918148749181,0.05667427203260241
warmup_sweep,gis,3,Full TASR,25,0.7,9,401,450,5,0.0,0.0,0.096,0.026076809620810593,1.0,0.0,1.0,0.0,0.043111111111111114,0.007131914015947204,0.9488888888888889,0.005665577237325353,0.05900467199535242,0.005640281395696775,0.25029630457316027,0.043504094422362395,0.14160961281853085,0.013185161283711161,0.43515053952823907,0.06473273478868932
warmup_sweep,gis,3,Full TASR,25,0.7,10,451,500,5,0.0,0.0,0.092,0.04604345773288536,1.0,0.0,1.0,0.0,0.0388,0.006418722614352486,0.954,0.00509901951359279,0.04762286333140382,0.0034995779131514367,0.2265865214491832,0.052079253396999835,0.11875537450090812,0.013415860260817512,0.3909550272899688,0.07956283652211048
warmup_sweep,gis,3,Full TASR,100,0.7,1,1,50,5,0.684,0.0753657747256671,1.0,0.0,0.312,0.07694153624668539,0.972,0.017888543819998333,0.684,0.0753657747256671,0.312,0.07694153624668539,0.877353450225462,0.011198623107361139,0.7611196441035333,0.0023176558988019513,1.0,0.0,1.0,0.0
warmup_sweep,gis,3,Full TASR,100,0.7,2,51,100,5,0.608,0.03898717737923589,1.0,0.0,0.392,0.03898717737923584,1.0,0.0,0.646,0.05412947441089744,0.352,0.05403702434442517,0.9158170895572331,0.014232042056225662,0.7736230607857011,0.003214232061925025,1.0,0.0,1.0,0.0
warmup_sweep,gis,3,Full TASR,100,0.7,3,101,150,5,0.012,0.01788854381999832,0.292,0.11713240371477057,0.988,0.017888543819998333,1.0,0.0,0.43466666666666665,0.03983298465677242,0.5640000000000001,0.039609202073367863,0.44824169926695034,0.006474715912723705,0.6039133636678126,0.019565631576910596,0.6293315157178931,0.02016698808992602,0.9025686740097877,0.019260172753062372
warmup_sweep,gis,3,Full TASR,100,0.7,4,151,200,5,0.0,0.0,0.168,0.033466401061363026,1.0,0.0,1.0,0.0,0.326,0.02987473849257932,0.673,0.02970690155502587,0.31752428113004266,0.008867099597635306,0.5101587498643554,0.008415662222230029,0.4993740941415577,0.03719517604311271,0.8440559614916415,0.01161712588640168
warmup_sweep,gis,3,Full TASR,100,0.7,5,201,250,5,0.0,0.0,0.1,0.014142135623730947,1.0,0.0,1.0,0.0,0.2608,0.02389979079406345,0.7384,0.02376552124402074,0.2526143166705123,0.00982816969388409,0.43755097876682836,0.02144997564443089,0.42127905319766745,0.03880097079713732,0.7921169126352497,0.017843428040002655
warmup_sweep,gis,3,Full TASR,100,0.7,6,251,300,5,0.0,0.0,0.112,0.017888543819998316,1.0,0.0,1.0,0.0,0.21733333333333332,0.01991649232838621,0.782,0.019804601036683942,0.1935634530510719,0.006428619124311838,0.33443514153408604,0.047624224254396184,0.345385554783224,0.02358318634411285,0.6689961619292594,0.0375852665165823
warmup_sweep,gis,3,Full TASR,100,0.7,7,301,350,5,0.0,0.0,0.112,0.030331501776206207,1.0,0.0,1.0,0.0,0.18628571428571428,0.01707127913861675,0.8131428571428572,0.016975372317157646,0.1458320546092221,0.009857907894492025,0.3346998944600228,0.031966095048540845,0.28090611224908163,0.029884318805712243,0.678106613232588,0.02179347131526172
warmup_sweep,gis,3,Full TASR,100,0.7,8,351,400,5,0.0,0.0,0.116,0.02190890230020665,1.0,0.0,1.0,0.0,0.163,0.01493736924628966,0.8365,0.014853450777512987,0.11089152105822839,0.011636188271635591,0.33388789997058205,0.035536307079735555,0.22810090206535874,0.02751528203239991,0.6526538198284567,0.05380419899522011
warmup_sweep,gis,3,Full TASR,100,0.7,9,401,450,5,0.0,0.0,0.108,0.017888543819998312,1.0,0.0,1.0,0.0,0.1448888888888889,0.013277661552257469,0.8546666666666667,0.01320306735778928,0.0857752087956018,0.011565412085456854,0.3005123976586215,0.05242117540993176,0.18527242783162884,0.023230143536860117,0.5835420414898281,0.039039309355449046
warmup_sweep,gis,3,Full TASR,100,0.7,10,451,500,5,0.0,0.0,0.112,0.01788854381999832,1.0,0.0,1.0,0.0,0.1304,0.011949895397031726,0.8692,0.01188276062201037,0.06637505833628862,0.008257432327254973,0.28849508002213803,0.015858404130699392,0.15095789261004164,0.01989915869780493,0.5652789861959476,0.04873608097902
warmup_sweep,physics,1,Full TASR,0,0.7,1,1,50,5,0.008,0.010954451150103323,0.076,0.016733200530681513,0.956,0.06693280212272605,0.988,0.0268328157299975,0.008,0.010954451150103323,0.956,0.06693280212272605,0.4097479210321563,0.028079193216410083,0.6077566424606828,0.020464798154560655,0.6721380000000001,0.0584110539196135,0.9491774543841554,0.01670874101192334
warmup_sweep,physics,1,Full TASR,0,0.7,2,51,100,5,0.0,0.0,0.052,0.01095445115010332,1.0,0.0,1.0,0.0,0.004,0.005477225575051661,0.978,0.033466401061363005,0.27978217072117256,0.009676897398679789,0.5718211901139962,0.036882119068777905,0.5101833600000002,0.029108222368310316,1.0,0.0
warmup_sweep,physics,1,Full TASR,0,0.7,3,101,150,5,0.0,0.0,0.04,0.01414213562373095,1.0,0.0,1.0,0.0,0.002666666666666667,0.003651483716701108,0.9853333333333333,0.022310934040908684,0.21479981523493832,0.016305779349478577,0.4296499248148488,0.05452377896506372,0.41420511540000016,0.04038706850018604,0.953382264,0.0332673857233489
warmup_sweep,physics,1,Full TASR,0,0.7,4,151,200,5,0.0,0.0,0.056,0.01673320053068151,1.0,0.0,1.0,0.0,0.002,0.0027386127875258306,0.989,0.016733200530681527,0.1503954028234439,0.006831752443475584,0.4552400467432007,0.07820783095040373,0.30955671912078014,0.04147544335064887,0.9745397018762473,0.036883531520148415
warmup_sweep,physics,1,Full TASR,0,0.7,5,201,250,5,0.0,0.0,0.048,0.01788854381999832,1.0,0.0,1.0,0.0,0.0016,0.0021908902300206644,0.9912,0.01338656042454522,0.11100387208799756,0.0034068549314482054,0.4427685381327898,0.07109703835330958,0.24204776135494674,0.04454241697373174,0.9836,0.02245662485771177
warmup_sweep,physics,1,Full TASR,0,0.7,6,251,300,5,0.0,0.0,0.04,0.0,1.0,0.0,1.0,0.0,0.0013333333333333335,0.001825741858350554,0.9926666666666667,0.011155467020454321,0.0839325943671239,0.0032078111777878583,0.3762710940706605,0.035015814934381995,0.19605868669750687,0.0360793577487227,0.9538377888,0.007068648802114531
warmup_sweep,physics,1,Full TASR,0,0.7,7,301,350,5,0.0,0.0,0.056,0.01673320053068151,1.0,0.0,1.0,0.0,0.001142857142857143,0.0015649215928719032,0.9937142857142857,0.009561828874675169,0.05987421155072655,0.003449318873930893,0.3508439722623242,0.03209098564267143,0.1442012898883748,0.03410662336703194,0.9615164965051329,0.026981239302657792
warmup_sweep,physics,1,Full TASR,0,0.7,8,351,400,5,0.0,0.0,0.056,0.008944271909999158,1.0,0.0,1.0,0.0,0.001,0.0013693063937629153,0.9945,0.008366600265340769,0.043609146687051126,0.0024477345577948125,0.3647615896160653,0.04328366046783671,0.10755427342043664,0.02595925529340003,0.9754,0.02245662485771177
warmup_sweep,physics,1,Full TASR,0,0.7,9,401,450,5,0.0,0.0,0.044,0.008944271909999158,1.0,0.0,1.0,0.0,0.0008888888888888889,0.0012171612389003691,0.9951111111111111,0.007436978013636227,0.03217459592280517,0.0019458768696037445,0.38192337167460855,0.0423674390005172,0.08385720328834112,0.02191584362086836,0.9948377888000001,0.007068648802114471
warmup_sweep,physics,1,Full TASR,0,0.7,10,451,500,5,0.0,0.0,0.044,0.008944271909999158,1.0,0.0,1.0,0.0,0.0008,0.0010954451150103322,0.9956,0.00669328021227261,0.025238011684262252,0.0014060493139958902,0.39131679291877197,0.0424222016796895,0.06687763939750159,0.01901050414736727,1.0,0.0
warmup_sweep,physics,1,Full TASR,25,0.7,1,1,50,5,0.268,0.08786353054595518,0.58,0.024494897427831758,0.72,0.09273618495495703,0.996,0.008944271909999166,0.268,0.08786353054595518,0.72,0.09273618495495703,0.5017952658252671,0.022947203061055303,0.7531530065920596,0.0343814997504778,0.6905612880000002,0.036720258401796664,0.9640894659431972,0.028765312450227804
warmup_sweep,physics,1,Full TASR,25,0.7,2,51,100,5,0.0,0.0,0.052,0.01095445115010332,1.0,0.0,1.0,0.0,0.134,0.04393176527297759,0.86,0.04636809247747853,0.3371651997889079,0.02072773313307544,0.6527828800678454,0.05095334977339213,0.5246768189520001,0.015125168635443756,1.0,0.0
warmup_sweep,physics,1,Full TASR,25,0.7,3,101,150,5,0.0,0.0,0.036000000000000004,0.00894427190999916,1.0,0.0,1.0,0.0,0.08933333333333333,0.029287843515318396,0.9066666666666666,0.030912061651652376,0.2636585930004497,0.019612488510420654,0.45441379694901035,0.05001314871778684,0.4345541613511201,0.02717832664196383,0.9569811344000001,0.032748620411112275
warmup_sweep,physics,1,Full TASR,25,0.7,4,151,200,5,0.0,0.0,0.052,0.022803508501982758,1.0,0.0,1.0,0.0,0.067,0.021965882636488795,0.93,0.023184046238739226,0.18462940736303177,0.012498377953166334,0.4684490282482423,0.05699954657006022,0.3322093190871666,0.04341944376783398,0.99550872,0.010042807385985226
warmup_sweep,physics,1,Full TASR,25,0.7,5,201,250,5,0.0,0.0,0.048,0.01095445115010332,1.0,0.0,1.0,0.0,0.0536,0.017572706109191035,0.9440000000000001,0.01854723699099137,0.13297170943949155,0.00953598640672338,0.44565287786164565,0.05960460006149951,0.25868075475695673,0.040298896073084456,0.9918,0.01833575741549824
warmup_sweep,physics,1,Full TASR,25,0.7,6,251,300,5,0.0,0.0,0.044,0.01673320053068151,1.0,0.0,1.0,0.0,0.04466666666666667,0.014643921757659198,0.9533333333333334,0.015456030825826183,0.10061493431349482,0.006464390717943605,0.36256696893824103,0.013971254682806838,0.2055528502194025,0.03341676647023331,0.9538377888,0.007068648802114531
warmup_sweep,physics,1,Full TASR,25,0.7,7,301,350,5,0.0,0.0,0.06,0.01414213562373095,1.0,0.0,1.0,0.0,0.038285714285714284,0.012551932935136454,0.96,0.01324802642213671,0.06828982537368025,0.004392181961706559,0.34519671240263505,0.011041631388229375,0.1502186318477148,0.027646559561415294,0.9743942482525665,0.02689174798593988
warmup_sweep,physics,1,Full TASR,25,0.7,8,351,400,5,0.0,0.0,0.048,0.01095445115010332,1.0,0.0,1.0,0.0,0.0335,0.010982941318244397,0.965,0.011592023119369646,0.04888857097059561,0.0011179489702570484,0.33327187514414847,0.005779042504878232,0.11464261914414148,0.02316868698490132,0.9672000000000001,0.01833575741549824
warmup_sweep,physics,1,Full TASR,25,0.7,9,401,450,5,0.0,0.0,0.04,0.0,1.0,0.0,1.0,0.0,0.029777777777777778,0.009762614505106132,0.9688888888888889,0.010304020550550807,0.03753219345382846,0.0009575559430351256,0.34913338906928515,0.005975928410143794,0.0928605215067546,0.01876663645777007,0.9974188944,0.005771527578705331
warmup_sweep,physics,1,Full TASR,25,0.7,10,451,500,5,0.0,0.0,0.04,0.0,1.0,0.0,1.0,0.0,0.0268,0.008786353054595518,0.972,0.009273618495495711,0.029492883526730962,0.0006992560689078403,0.34975479252010794,0.016866880692530523,0.07521702242047124,0.01520097553079376,1.0,0.0
warmup_sweep,physics,1,Full TASR,100,0.7,1,1,50,5,0.548,0.11099549540409284,1.0,0.0,0.452,0.1109954954040929,1.0,0.0,0.548,0.11099549540409284,0.452,0.1109954954040929,0.9433373191487314,0.0,0.9433373191487314,0.0,1.0,0.0,1.0,0.0
warmup_sweep,physics,1,Full TASR,100,0.7,2,51,100,5,0.5720000000000001,0.0807465169527454,1.0,0.0,0.428,0.0807465169527454,1.0,0.0,0.56,0.09110433579144296,0.44,0.091104335791443,0.9892978019958243,0.0,0.9892978019958243,0.0,1.0,0.0,1.0,0.0
warmup_sweep,physics,1,Full TASR,100,0.7,3,101,150,5,0.004,0.00894427190999916,0.124,0.026076809620810597,0.968,0.06099180272790763,0.988,0.0268328157299975,0.37466666666666665,0.06153589738247642,0.616,0.058423739467217684,0.41390218893051484,0.01951447035385571,0.6310420140203724,0.05848809233534827,0.5242370220000001,0.07023902750368147,0.95132552,0.02761865208789164
warmup_sweep,physics,1,Full TASR,100,0.7,4,151,200,5,0.0,0.0,0.044,0.01673320053068151,1.0,0.0,1.0,0.0,0.281,0.04615192303685729,0.712,0.04381780460041329,0.29954963560812536,0.016477179026627924,0.6546647456410397,0.07589279736912737,0.41947594723800014,0.08148184905497911,0.9911185516741422,0.012364179071748856
warmup_sweep,physics,1,Full TASR,100,0.7,5,201,250,5,0.0,0.0,0.044,0.01673320053068151,1.0,0.0,1.0,0.0,0.2248,0.03692153842948585,0.7696,0.035054243680330624,0.21281260798843105,0.018105234535951035,0.5776871029705997,0.09225558401522845,0.32427869770278017,0.05441010367620628,0.9836,0.02245662485771177
warmup_sweep,physics,1,Full TASR,100,0.7,6,251,300,5,0.0,0.0,0.04,0.02,1.0,0.0,1.0,0.0,0.18733333333333332,0.03076794869123821,0.8079999999999999,0.02921186973360885,0.15324853486330917,0.007906911390782059,0.46003401567089647,0.06936684995706603,0.26024877592816675,0.06083069359129221,0.9564188944,0.005771527578705381
warmup_sweep,physics,1,Full TASR,100,0.7,7,301,350,5,0.0,0.0,0.044,0.008944271909999158,1.0,0.0,1.0,0.0,0.16057142857142856,0.02637252744963275,0.8354285714285714,0.025038745485950465,0.11244402623605602,0.006001516149143575,0.4127446713921115,0.05702979312602091,0.20571777684515707,0.04478438744830162,0.9616662482525665,0.014565191695819433
warmup_sweep,physics,1,Full TASR,100,0.7,8,351,400,5,0.0,0.0,0.056,0.008944271909999158,1.0,0.0,1.0,0.0,0.1405,0.023075961518428646,0.856,0.021908902300206624,0.07795111353204912,0.003580844524805471,0.4328576848966937,0.08057508212196762,0.1536742996978232,0.035919916258722116,0.9754,0.02245662485771177
warmup_sweep,physics,1,Full TASR,100,0.7,9,401,450,5,0.0,0.0,0.052,0.01788854381999832,1.0,0.0,1.0,0.0,0.12488888888888888,0.020511965794158798,0.872,0.01947457982240591,0.05691115873982207,0.0036130186744992793,0.45744853257673307,0.10774443236982374,0.11773216062099909,0.03137654871760106,1.0,0.0
warmup_sweep,physics,1,Full TASR,100,0.7,10,451,500,5,0.0,0.0,0.044,0.01673320053068151,1.0,0.0,1.0,0.0,0.1124,0.018460769214742927,0.8848,0.01752712184016533,0.042317710002727674,0.0024918505780615946,0.44301049559691347,0.09884864265152031,0.09263503774978023,0.029050008793005025,1.0,0.0
warmup_sweep,physics,3,Full TASR,0,0.7,1,1,50,5,0.044,0.01673320053068151,0.20400000000000001,0.016733200530681513,0.944,0.021908902300206635,0.996,0.008944271909999166,0.044,0.01673320053068151,0.944,0.021908902300206635,0.42642145290593453,0.010713586637726485,0.6345718007039266,0.08724068032896107,0.6998400000000001,0.020330838644778026,0.9581914396879928,0.053893178460983474
warmup_sweep,physics,3,Full TASR,0,0.7,2,51,100,5,0.0,0.0,0.164,0.03286335345030997,1.0,0.0,1.0,0.0,0.022,0.008366600265340755,0.972,0.010954451150103333,0.2932770593767432,0.01402342558465825,0.5934144578656482,0.057879883849617085,0.5234497020000002,0.04223382002578823,1.0,0.0
warmup_sweep,physics,3,Full TASR,0,0.7,3,101,150,5,0.0,0.0,0.124,0.026076809620810597,1.0,0.0,1.0,0.0,0.014666666666666668,0.00557773351022717,0.9813333333333333,0.007302967433402186,0.22778267377615805,0.012940051793333593,0.4165682144279493,0.039639162193033144,0.4234040402454001,0.03607143932059456,0.9273547040000001,0.03162624341561419
warmup_sweep,physics,3,Full TASR,0,0.7,4,151,200,5,0.0,0.0,0.14,0.03162277660168379,1.0,0.0,1.0,0.0,0.011,0.004183300132670377,0.986,0.0054772255750516665,0.1612942115691276,0.0028644213169351242,0.4603489327117079,0.051196240949053964,0.31843203179115076,0.03548440789309525,1.0,0.0
warmup_sweep,physics,3,Full TASR,0,0.7,5,201,250,5,0.0,0.0,0.156,0.021908902300206645,1.0,0.0,1.0,0.0,0.0088,0.0033466401061363026,0.9888,0.004381780460041332,0.11410038770287073,0.00697709176759106,0.4537143644784875,0.07585242517579995,0.24447285219346582,0.025421511780634065,0.9918,0.01833575741549824
warmup_sweep,physics,3,Full TASR,0,0.7,6,251,300,5,0.0,0.0,0.136,0.03286335345030996,1.0,0.0,1.0,0.0,0.007333333333333334,0.002788866755113585,0.9906666666666667,0.0036514837167011156,0.0852402073829267,0.0025191681078675066,0.3766320611845618,0.0411573339844547,0.1938878942878921,0.022882965279991167,0.9590000000000001,0.0
warmup_sweep,physics,3,Full TASR,0,0.7,7,301,350,5,0.0,0.0,0.168,0.010954451150103317,1.0,0.0,1.0,0.0,0.006285714285714286,0.0023904572186687874,0.992,0.003129843185743798,0.06071295064893655,0.0035697787693124514,0.35538689931043693,0.03136349924178774,0.1436711488433338,0.019994563699077025,0.9680302482525664,0.022765787476773876
warmup_sweep,physics,3,Full TASR,0,0.7,8,351,400,5,0.0,0.0,0.164,0.021908902300206645,1.0,0.0,1.0,0.0,0.0055,0.0020916500663351887,0.993,0.0027386127875258484,0.04382881897156569,0.0017701491117795704,0.3666517887644929,0.04004831767531556,0.10720430312459746,0.014630608593503285,0.9672000000000001,0.01833575741549824
warmup_sweep,physics,3,Full TASR,0,0.7,9,401,450,5,0.0,0.0,0.14,0.02449489742783178,1.0,0.0,1.0,0.0,0.004888888888888889,0.001859244503409057,0.9937777777777778,0.0024343224778007235,0.03261763849254435,0.0016994888555888871,0.3880184264755039,0.058049109694756684,0.08195402801217334,0.014759588465957848,1.0,0.0
warmup_sweep,physics,3,Full TASR,0,0.7,10,451,500,5,0.0,0.0,0.128,0.02280350850198276,1.0,0.0,1.0,0.0,0.0044,0.0016733200530681513,0.9944,0.002190890230020666,0.024763737355667885,0.0017033103137688746,0.3924645073510737,0.05625683026895523,0.06427130204730537,0.010700290590538813,1.0,0.0
warmup_sweep,physics,3,Full TASR,25,0.7,1,1,50,5,0.492,0.14042791745233568,0.716,0.05899152481501047,0.496,0.13740451229854134,0.784,0.25155516293648195,0.492,0.14042791745233568,0.496,0.13740451229854134,0.5132976056700632,0.011992117543814424,0.726409364599656,0.04285278272220455,0.7166190368987713,0.020795250557046674,0.9589018569420452,0.03350729139261901
warmup_sweep,physics,3,Full TASR,25,0.7,2,51,100,5,0.0,0.0,0.164,0.03286335345030997,1.0,0.0,1.0,0.0,0.246,0.07021395872616784,0.748,0.0687022561492707,0.3539131331789093,0.011629653517354935,0.6723269606343765,0.05178217314293253,0.532115851927684,0.032424914386339404,0.9813585480195753,0.03825530312185665
warmup_sweep,physics,3,Full TASR,25,0.7,3,101,150,5,0.0,0.0,0.116,0.026076809620810593,1.0,0.0,1.0,0.0,0.164,0.04680930581744522,0.832,0.04580150409951375,0.2722264619716089,0.010022920903419528,0.47057441617544066,0.023415465364682676,0.4333714713676656,0.04283213532729202,0.9521495168,0.04718317947088709
warmup_sweep,physics,3,Full TASR,25,0.7,4,151,200,5,0.0,0.0,0.128,0.010954451150103333,1.0,0.0,1.0,0.0,0.123,0.03510697936308392,0.874,0.03435112807463537,0.19186580002016715,0.006918480605347539,0.49855061961920766,0.035247497375382124,0.33592156964082825,0.03732961436028786,0.9893043264785213,0.015622324704777903
warmup_sweep,physics,3,Full TASR,25,0.7,5,201,250,5,0.0,0.0,0.152,0.022803508501982758,1.0,0.0,1.0,0.0,0.0984,0.028085583490467136,0.8992,0.027480902459708294,0.13278569280472613,0.007270383991609611,0.4806794037183372,0.030401894301497187,0.25314763173520405,0.03273778270111131,0.9836,0.02245662485771177
warmup_sweep,physics,3,Full TASR,25,0.7,6,251,300,5,0.0,0.0,0.124,0.016733200530681516,1.0,0.0,1.0,0.0,0.082,0.02340465290872261,0.916,0.022900752049756896,0.10203599668410479,0.0021390600081354775,0.4115170466713042,0.04141417043525353,0.20458361396869681,0.02711102992429708,0.9728188944,0.0253660375343047
warmup_sweep,physics,3,Full TASR,25,0.7,7,301,350,5,0.0,0.0,0.18,0.020000000000000004,1.0,0.0,1.0,0.0,0.07028571428571428,0.02006113106461938,0.928,0.01962921604264876,0.06997604193426758,0.0037741740993722252,0.3728880734688927,0.058673545792178074,0.14980191160359618,0.023914845834413164,0.9615164965051329,0.026981239302657792
warmup_sweep,physics,3,Full TASR,25,0.7,8,351,400,5,0.0,0.0,0.156,0.016733200530681502,1.0,0.0,1.0,0.0,0.0615,0.01755348968154196,0.9369999999999999,0.01717556403731768,0.05120113154974348,0.001967958790655518,0.3985874371385313,0.08008171494501594,0.11376263448416431,0.01862681933822274,0.9918,0.01833575741549824
warmup_sweep,physics,3,Full TASR,25,0.7,9,401,450,5,0.0,0.0,0.132,0.02280350850198276,1.0,0.0,1.0,0.0,0.05466666666666667,0.015603101939148408,0.944,0.015267168033171215,0.037738323971414967,0.0017918729970540993,0.401256824304475,0.07962436014396249,0.08778461012064717,0.014617722370898615,1.0,0.0
warmup_sweep,physics,3,Full TASR,25,0.7,10,451,500,5,0.0,0.0,0.11599999999999999,0.008944271909999154,1.0,0.0,1.0,0.0,0.0492,0.014042791745233568,0.9496,0.013740451229854107,0.02842650363950882,0.0009686871954027387,0.409705408244433,0.09358291374722141,0.06973567374848526,0.01094355263090388,0.9918,0.01833575741549824
warmup_sweep,physics,3,Full TASR,100,0.7,1,1,50,5,0.848,0.16284962388657825,1.0,0.0,0.152,0.16284962388657825,0.616,0.489979591411724,0.848,0.16284962388657825,0.152,0.16284962388657825,0.8985618918380771,0.03849366927769497,0.7948944498399962,0.06268847852833753,1.0,0.0,1.0,0.0
warmup_sweep,physics,3,Full TASR,100,0.7,2,51,100,5,0.864,0.1438054240979804,1.0,0.0,0.136,0.14380542409798042,0.6,0.5477225575051661,0.856,0.15323185047502363,0.144,0.15323185047502363,0.9388959761519712,0.045665606803997304,0.8156615591426049,0.0747106611758948,1.0,0.0,1.0,0.0
warmup_sweep,physics,3,Full TASR,100,0.7,3,101,150,5,0.060000000000000005,0.06480740698407861,0.28400000000000003,0.029664793948382655,0.868,0.16099689437998485,0.956,0.06387487769068526,0.5906666666666667,0.1220746583948619,0.38533333333333336,0.14760307133209208,0.44222036608386855,0.022116120897787476,0.6043813173366216,0.06423029871351549,0.6081718760265601,0.019084085414082727,0.96192544,0.018185029598216232
warmup_sweep,physics,3,Full TASR,100,0.7,4,151,200,5,0.0,0.0,0.136,0.026076809620810597,0.996,0.008944271909999166,0.996,0.008944271909999166,0.443,0.09155599379614641,0.538,0.11228312428855905,0.31387419700608465,0.017022736452206838,0.6031915904268657,0.08706880287323922,0.4669729350732952,0.04130943001706962,0.99550872,0.010042807385985226
warmup_sweep,physics,3,Full TASR,100,0.7,5,201,250,5,0.0,0.0,0.156,0.016733200530681502,1.0,0.0,1.0,0.0,0.3544,0.07324479503691712,0.6304,0.08982649943084725,0.21729083192514959,0.00344656967680825,0.5354996095506114,0.10252605112581788,0.3529028842633379,0.03350934925981585,0.9672000000000001,0.01833575741549824
warmup_sweep,physics,3,Full TASR,100,0.7,6,251,300,5,0.0,0.0,0.11599999999999999,0.03577708763999664,1.0,0.0,1.0,0.0,0.29533333333333334,0.06103732919743095,0.692,0.07485541619237268,0.16691742506427307,0.012985773784110173,0.4364777724385068,0.0644689382435045,0.2883918084815771,0.04393816126978789,0.9538377888,0.007068648802114531
warmup_sweep,physics,3,Full TASR,100,0.7,7,301,350,5,0.0,0.0,0.156,0.03577708763999664,1.0,0.0,1.0,0.0,0.25314285714285717,0.0523177107406551,0.736,0.06416178530774806,0.11560503312249654,0.004646715556595915,0.4039244433651039,0.04300358233014182,0.2168356534265618,0.03362752522642219,0.9745440000000001,0.014230336608808644
warmup_sweep,physics,3,Full TASR,100,0.7,8,351,400,5,0.0,0.0,0.16,0.014142135623730944,1.0,0.0,1.0,0.0,0.2215,0.04577799689807321,0.769,0.05614156214427952,0.08254644319669138,0.00354138794880029,0.39899180129246176,0.07903517146113781,0.1633229816249041,0.02884594108847274,0.9672000000000001,0.01833575741549824
warmup_sweep,physics,3,Full TASR,100,0.7,9,401,450,5,0.0,0.0,0.124,0.008944271909999166,1.0,0.0,1.0,0.0,0.1968888888888889,0.040691552798287296,0.7946666666666666,0.0499036107949151,0.062235597932494176,0.003238140532981776,0.4282437011517072,0.12319430604197318,0.1290913586237491,0.02414477699543173,0.9974188944,0.005771527578705331
warmup_sweep,physics,3,Full TASR,100,0.7,10,451,500,5,0.0,0.0,0.136,0.016733200530681516,1.0,0.0,1.0,0.0,0.1772,0.03662239751845856,0.8152,0.044913249715423605,0.04655034688254315,0.0027476034110865675,0.4177921774647641,0.10257353879832966,0.10169113444625137,0.01913477310548395,1.0,0.0
